[WebServer] INFO:     Started server process [1924]
[WebServer] INFO:     Waiting for application startup.
[WebServer] INFO:     Application startup complete.
[WebServer] INFO:     Uvicorn running on http://127.0.0.1:8000 (Press CTRL+C to quit)
[WebServer] request id=50b3f37953dc492a9f0db735e8a831ca status=200 elapsed_ms=3.43
[WebServer] (node:39552) Warning: The 'NO_COLOR' env is ignored due to the 'FORCE_COLOR' env being set.
[WebServer] (Use `node --trace-warnings ...` to show where the warning was created)

Running 124 tests using 2 workers

(node:19844) Warning: The 'NO_COLOR' env is ignored due to the 'FORCE_COLOR' env being set.
(Use `node --trace-warnings ...` to show where the warning was created)
(node:2556) Warning: The 'NO_COLOR' env is ignored due to the 'FORCE_COLOR' env being set.
(Use `node --trace-warnings ...` to show where the warning was created)
[WebServer] request id=aa122e465d5541c5b3a7ddbfc5a1bd6e status=200 elapsed_ms=2.67
[WebServer] request id=1ecb03dbfe5a425583dc592a7cfd8acb status=200 elapsed_ms=2.70
[WebServer] discovery count=2 elapsed_ms=0.80
[WebServer] validation valid_count=2 elapsed_ms=12.70
[WebServer] compiled mode=FIXTURE elapsed_ms=20.80
[WebServer] request id=c5133c7b66e74b3bae59a9df8b6de929 status=200 elapsed_ms=68.29
[WebServer] discovery count=2 elapsed_ms=0.10
[WebServer] validation valid_count=2 elapsed_ms=7.30
[WebServer] compiled mode=FIXTURE elapsed_ms=13.27
[WebServer] request id=fb31a332071b4ec6976e223b74b46916 status=200 elapsed_ms=41.65
[WebServer] request id=f07d70fde9dd4bc59719151d8fa332eb status=200 elapsed_ms=0.94
  ok   1 apps\web\tests\journeys.spec.ts:7:3 › success at 320 (1.5s)
  ok   2 apps\web\tests\recovery.spec.ts:4:3 › gps recovery at 320 (1.5s)
  x    3 apps\web\tests\journeys.spec.ts:7:3 › budget at 320 (5.5s)
  x    4 apps\web\tests\recovery.spec.ts:4:3 › lowaccuracy recovery at 320 (5.5s)
(node:38016) Warning: The 'NO_COLOR' env is ignored due to the 'FORCE_COLOR' env being set.
(Use `node --trace-warnings ...` to show where the warning was created)
(node:39620) Warning: The 'NO_COLOR' env is ignored due to the 'FORCE_COLOR' env being set.
(Use `node --trace-warnings ...` to show where the warning was created)
  x    6 apps\web\tests\journeys.spec.ts:7:3 › currency at 320 (363ms)
  x    5 apps\web\tests\recovery.spec.ts:4:3 › gpstimeout recovery at 320 (400ms)
(node:29316) Warning: The 'NO_COLOR' env is ignored due to the 'FORCE_COLOR' env being set.
(Use `node --trace-warnings ...` to show where the warning was created)
(node:23244) Warning: The 'NO_COLOR' env is ignored due to the 'FORCE_COLOR' env being set.
(Use `node --trace-warnings ...` to show where the warning was created)
  x    8 apps\web\tests\recovery.spec.ts:4:3 › retry recovery at 320 (314ms)
  x    7 apps\web\tests\journeys.spec.ts:7:3 › walking at 320 (367ms)
(node:13024) Warning: The 'NO_COLOR' env is ignored due to the 'FORCE_COLOR' env being set.
(Use `node --trace-warnings ...` to show where the warning was created)
(node:14740) Warning: The 'NO_COLOR' env is ignored due to the 'FORCE_COLOR' env being set.
(Use `node --trace-warnings ...` to show where the warning was created)
  x    9 apps\web\tests\recovery.spec.ts:4:3 › double recovery at 320 (355ms)
  x   10 apps\web\tests\journeys.spec.ts:7:3 › duration at 320 (348ms)
(node:10588) Warning: The 'NO_COLOR' env is ignored due to the 'FORCE_COLOR' env being set.
(Use `node --trace-warnings ...` to show where the warning was created)
(node:22988) Warning: The 'NO_COLOR' env is ignored due to the 'FORCE_COLOR' env being set.
(Use `node --trace-warnings ...` to show where the warning was created)
  x   12 apps\web\tests\journeys.spec.ts:7:3 › geodenied at 320 (301ms)
  x   11 apps\web\tests\recovery.spec.ts:4:3 › cancelstale recovery at 320 (345ms)
(node:23512) Warning: The 'NO_COLOR' env is ignored due to the 'FORCE_COLOR' env being set.
(Use `node --trace-warnings ...` to show where the warning was created)
(node:30880) Warning: The 'NO_COLOR' env is ignored due to the 'FORCE_COLOR' env being set.
(Use `node --trace-warnings ...` to show where the warning was created)
  x   14 apps\web\tests\recovery.spec.ts:4:3 › zoom recovery at 320 (324ms)
  x   13 apps\web\tests\journeys.spec.ts:7:3 › coordinates at 320 (375ms)
(node:39636) Warning: The 'NO_COLOR' env is ignored due to the 'FORCE_COLOR' env being set.
(Use `node --trace-warnings ...` to show where the warning was created)
(node:37124) Warning: The 'NO_COLOR' env is ignored due to the 'FORCE_COLOR' env being set.
(Use `node --trace-warnings ...` to show where the warning was created)
  x   15 apps\web\tests\recovery.spec.ts:4:3 › voice recovery at 320 (371ms)
  x   16 apps\web\tests\journeys.spec.ts:7:3 › cancel at 320 (372ms)
(node:17344) Warning: The 'NO_COLOR' env is ignored due to the 'FORCE_COLOR' env being set.
(Use `node --trace-warnings ...` to show where the warning was created)
(node:9260) Warning: The 'NO_COLOR' env is ignored due to the 'FORCE_COLOR' env being set.
(Use `node --trace-warnings ...` to show where the warning was created)
  x   17 apps\web\tests\recovery.spec.ts:4:3 › gps recovery at 390 (396ms)
  x   18 apps\web\tests\journeys.spec.ts:7:3 › offline at 320 (362ms)
(node:27812) Warning: The 'NO_COLOR' env is ignored due to the 'FORCE_COLOR' env being set.
(Use `node --trace-warnings ...` to show where the warning was created)
(node:13336) Warning: The 'NO_COLOR' env is ignored due to the 'FORCE_COLOR' env being set.
(Use `node --trace-warnings ...` to show where the warning was created)
  x   19 apps\web\tests\recovery.spec.ts:4:3 › lowaccuracy recovery at 390 (377ms)
  x   20 apps\web\tests\journeys.spec.ts:7:3 › malformed at 320 (331ms)
(node:39276) Warning: The 'NO_COLOR' env is ignored due to the 'FORCE_COLOR' env being set.
(Use `node --trace-warnings ...` to show where the warning was created)
(node:37204) Warning: The 'NO_COLOR' env is ignored due to the 'FORCE_COLOR' env being set.
(Use `node --trace-warnings ...` to show where the warning was created)
  x   21 apps\web\tests\recovery.spec.ts:4:3 › gpstimeout recovery at 390 (327ms)
  x   22 apps\web\tests\journeys.spec.ts:7:3 › success at 360 (319ms)
(node:39880) Warning: The 'NO_COLOR' env is ignored due to the 'FORCE_COLOR' env being set.
(Use `node --trace-warnings ...` to show where the warning was created)
(node:8068) Warning: The 'NO_COLOR' env is ignored due to the 'FORCE_COLOR' env being set.
(Use `node --trace-warnings ...` to show where the warning was created)
  x   23 apps\web\tests\recovery.spec.ts:4:3 › retry recovery at 390 (344ms)
  x   24 apps\web\tests\journeys.spec.ts:7:3 › budget at 360 (327ms)
(node:32776) Warning: The 'NO_COLOR' env is ignored due to the 'FORCE_COLOR' env being set.
(Use `node --trace-warnings ...` to show where the warning was created)
(node:3748) Warning: The 'NO_COLOR' env is ignored due to the 'FORCE_COLOR' env being set.
(Use `node --trace-warnings ...` to show where the warning was created)
  x   25 apps\web\tests\recovery.spec.ts:4:3 › double recovery at 390 (338ms)
  x   26 apps\web\tests\journeys.spec.ts:7:3 › currency at 360 (329ms)
(node:11032) Warning: The 'NO_COLOR' env is ignored due to the 'FORCE_COLOR' env being set.
(Use `node --trace-warnings ...` to show where the warning was created)
(node:41156) Warning: The 'NO_COLOR' env is ignored due to the 'FORCE_COLOR' env being set.
(Use `node --trace-warnings ...` to show where the warning was created)
  x   27 apps\web\tests\recovery.spec.ts:4:3 › cancelstale recovery at 390 (366ms)
  x   28 apps\web\tests\journeys.spec.ts:7:3 › walking at 360 (377ms)
(node:42660) Warning: The 'NO_COLOR' env is ignored due to the 'FORCE_COLOR' env being set.
(Use `node --trace-warnings ...` to show where the warning was created)
(node:17144) Warning: The 'NO_COLOR' env is ignored due to the 'FORCE_COLOR' env being set.
(Use `node --trace-warnings ...` to show where the warning was created)
  x   29 apps\web\tests\recovery.spec.ts:4:3 › zoom recovery at 390 (445ms)
  x   30 apps\web\tests\journeys.spec.ts:7:3 › duration at 360 (389ms)
(node:22596) Warning: The 'NO_COLOR' env is ignored due to the 'FORCE_COLOR' env being set.
(Use `node --trace-warnings ...` to show where the warning was created)
(node:2900) Warning: The 'NO_COLOR' env is ignored due to the 'FORCE_COLOR' env being set.
(Use `node --trace-warnings ...` to show where the warning was created)
  x   31 apps\web\tests\recovery.spec.ts:4:3 › voice recovery at 390 (415ms)
  x   32 apps\web\tests\journeys.spec.ts:7:3 › geodenied at 360 (381ms)
(node:25636) Warning: The 'NO_COLOR' env is ignored due to the 'FORCE_COLOR' env being set.
(Use `node --trace-warnings ...` to show where the warning was created)
(node:40940) Warning: The 'NO_COLOR' env is ignored due to the 'FORCE_COLOR' env being set.
(Use `node --trace-warnings ...` to show where the warning was created)
  x   33 apps\web\tests\recovery.spec.ts:4:3 › gps recovery at 1440 (372ms)
  x   34 apps\web\tests\journeys.spec.ts:7:3 › coordinates at 360 (363ms)
(node:1600) Warning: The 'NO_COLOR' env is ignored due to the 'FORCE_COLOR' env being set.
(Use `node --trace-warnings ...` to show where the warning was created)
(node:17568) Warning: The 'NO_COLOR' env is ignored due to the 'FORCE_COLOR' env being set.
(Use `node --trace-warnings ...` to show where the warning was created)
  x   35 apps\web\tests\recovery.spec.ts:4:3 › lowaccuracy recovery at 1440 (375ms)
  x   36 apps\web\tests\journeys.spec.ts:7:3 › cancel at 360 (350ms)
(node:23460) Warning: The 'NO_COLOR' env is ignored due to the 'FORCE_COLOR' env being set.
(Use `node --trace-warnings ...` to show where the warning was created)
(node:25852) Warning: The 'NO_COLOR' env is ignored due to the 'FORCE_COLOR' env being set.
(Use `node --trace-warnings ...` to show where the warning was created)
  x   37 apps\web\tests\recovery.spec.ts:4:3 › gpstimeout recovery at 1440 (379ms)
  x   38 apps\web\tests\journeys.spec.ts:7:3 › offline at 360 (343ms)
(node:41920) Warning: The 'NO_COLOR' env is ignored due to the 'FORCE_COLOR' env being set.
(Use `node --trace-warnings ...` to show where the warning was created)
(node:10328) Warning: The 'NO_COLOR' env is ignored due to the 'FORCE_COLOR' env being set.
(Use `node --trace-warnings ...` to show where the warning was created)
  x   39 apps\web\tests\recovery.spec.ts:4:3 › retry recovery at 1440 (336ms)
  x   40 apps\web\tests\journeys.spec.ts:7:3 › malformed at 360 (351ms)
(node:22688) Warning: The 'NO_COLOR' env is ignored due to the 'FORCE_COLOR' env being set.
(Use `node --trace-warnings ...` to show where the warning was created)
(node:2360) Warning: The 'NO_COLOR' env is ignored due to the 'FORCE_COLOR' env being set.
(Use `node --trace-warnings ...` to show where the warning was created)
  x   41 apps\web\tests\recovery.spec.ts:4:3 › double recovery at 1440 (431ms)
  x   42 apps\web\tests\journeys.spec.ts:7:3 › success at 375 (331ms)
(node:40800) Warning: The 'NO_COLOR' env is ignored due to the 'FORCE_COLOR' env being set.
(Use `node --trace-warnings ...` to show where the warning was created)
(node:23200) Warning: The 'NO_COLOR' env is ignored due to the 'FORCE_COLOR' env being set.
(Use `node --trace-warnings ...` to show where the warning was created)
  x   43 apps\web\tests\recovery.spec.ts:4:3 › cancelstale recovery at 1440 (353ms)
  x   44 apps\web\tests\journeys.spec.ts:7:3 › budget at 375 (323ms)
(node:22312) Warning: The 'NO_COLOR' env is ignored due to the 'FORCE_COLOR' env being set.
(Use `node --trace-warnings ...` to show where the warning was created)
(node:21420) Warning: The 'NO_COLOR' env is ignored due to the 'FORCE_COLOR' env being set.
(Use `node --trace-warnings ...` to show where the warning was created)
  x   45 apps\web\tests\recovery.spec.ts:4:3 › zoom recovery at 1440 (380ms)
  x   46 apps\web\tests\journeys.spec.ts:7:3 › currency at 375 (356ms)
(node:31504) Warning: The 'NO_COLOR' env is ignored due to the 'FORCE_COLOR' env being set.
(Use `node --trace-warnings ...` to show where the warning was created)
(node:31548) Warning: The 'NO_COLOR' env is ignored due to the 'FORCE_COLOR' env being set.
(Use `node --trace-warnings ...` to show where the warning was created)
  x   47 apps\web\tests\recovery.spec.ts:4:3 › voice recovery at 1440 (343ms)
  x   48 apps\web\tests\journeys.spec.ts:7:3 › walking at 375 (324ms)
(node:30280) Warning: The 'NO_COLOR' env is ignored due to the 'FORCE_COLOR' env being set.
(Use `node --trace-warnings ...` to show where the warning was created)
  x   49 apps\web\tests\journeys.spec.ts:7:3 › duration at 375 (345ms)
(node:28336) Warning: The 'NO_COLOR' env is ignored due to the 'FORCE_COLOR' env being set.
(Use `node --trace-warnings ...` to show where the warning was created)
  x   50 apps\web\tests\journeys.spec.ts:7:3 › geodenied at 375 (295ms)
(node:18892) Warning: The 'NO_COLOR' env is ignored due to the 'FORCE_COLOR' env being set.
(Use `node --trace-warnings ...` to show where the warning was created)
  x   51 apps\web\tests\journeys.spec.ts:7:3 › coordinates at 375 (352ms)
(node:39736) Warning: The 'NO_COLOR' env is ignored due to the 'FORCE_COLOR' env being set.
(Use `node --trace-warnings ...` to show where the warning was created)
  x   52 apps\web\tests\journeys.spec.ts:7:3 › cancel at 375 (299ms)
(node:41628) Warning: The 'NO_COLOR' env is ignored due to the 'FORCE_COLOR' env being set.
(Use `node --trace-warnings ...` to show where the warning was created)
  x   53 apps\web\tests\journeys.spec.ts:7:3 › offline at 375 (268ms)
(node:12004) Warning: The 'NO_COLOR' env is ignored due to the 'FORCE_COLOR' env being set.
(Use `node --trace-warnings ...` to show where the warning was created)
  x   54 apps\web\tests\journeys.spec.ts:7:3 › malformed at 375 (297ms)
(node:10340) Warning: The 'NO_COLOR' env is ignored due to the 'FORCE_COLOR' env being set.
(Use `node --trace-warnings ...` to show where the warning was created)
  x   55 apps\web\tests\journeys.spec.ts:7:3 › success at 390 (281ms)
(node:8456) Warning: The 'NO_COLOR' env is ignored due to the 'FORCE_COLOR' env being set.
(Use `node --trace-warnings ...` to show where the warning was created)
  x   56 apps\web\tests\journeys.spec.ts:7:3 › budget at 390 (277ms)
(node:37468) Warning: The 'NO_COLOR' env is ignored due to the 'FORCE_COLOR' env being set.
(Use `node --trace-warnings ...` to show where the warning was created)
  x   57 apps\web\tests\journeys.spec.ts:7:3 › currency at 390 (282ms)
(node:12852) Warning: The 'NO_COLOR' env is ignored due to the 'FORCE_COLOR' env being set.
(Use `node --trace-warnings ...` to show where the warning was created)
  x   58 apps\web\tests\journeys.spec.ts:7:3 › walking at 390 (291ms)
(node:8540) Warning: The 'NO_COLOR' env is ignored due to the 'FORCE_COLOR' env being set.
(Use `node --trace-warnings ...` to show where the warning was created)
  x   59 apps\web\tests\journeys.spec.ts:7:3 › duration at 390 (299ms)
(node:20476) Warning: The 'NO_COLOR' env is ignored due to the 'FORCE_COLOR' env being set.
(Use `node --trace-warnings ...` to show where the warning was created)
  x   60 apps\web\tests\journeys.spec.ts:7:3 › geodenied at 390 (315ms)
(node:11532) Warning: The 'NO_COLOR' env is ignored due to the 'FORCE_COLOR' env being set.
(Use `node --trace-warnings ...` to show where the warning was created)
  x   61 apps\web\tests\journeys.spec.ts:7:3 › coordinates at 390 (302ms)
(node:2560) Warning: The 'NO_COLOR' env is ignored due to the 'FORCE_COLOR' env being set.
(Use `node --trace-warnings ...` to show where the warning was created)
  x   62 apps\web\tests\journeys.spec.ts:7:3 › cancel at 390 (280ms)
(node:2204) Warning: The 'NO_COLOR' env is ignored due to the 'FORCE_COLOR' env being set.
(Use `node --trace-warnings ...` to show where the warning was created)
  x   63 apps\web\tests\journeys.spec.ts:7:3 › offline at 390 (298ms)
(node:41488) Warning: The 'NO_COLOR' env is ignored due to the 'FORCE_COLOR' env being set.
(Use `node --trace-warnings ...` to show where the warning was created)
  x   64 apps\web\tests\journeys.spec.ts:7:3 › malformed at 390 (282ms)
(node:15648) Warning: The 'NO_COLOR' env is ignored due to the 'FORCE_COLOR' env being set.
(Use `node --trace-warnings ...` to show where the warning was created)
  x   65 apps\web\tests\journeys.spec.ts:7:3 › success at 768 (320ms)
(node:44140) Warning: The 'NO_COLOR' env is ignored due to the 'FORCE_COLOR' env being set.
(Use `node --trace-warnings ...` to show where the warning was created)
  x   66 apps\web\tests\journeys.spec.ts:7:3 › budget at 768 (273ms)
(node:37896) Warning: The 'NO_COLOR' env is ignored due to the 'FORCE_COLOR' env being set.
(Use `node --trace-warnings ...` to show where the warning was created)
  x   67 apps\web\tests\journeys.spec.ts:7:3 › currency at 768 (298ms)
(node:38092) Warning: The 'NO_COLOR' env is ignored due to the 'FORCE_COLOR' env being set.
(Use `node --trace-warnings ...` to show where the warning was created)
  x   68 apps\web\tests\journeys.spec.ts:7:3 › walking at 768 (303ms)
(node:20964) Warning: The 'NO_COLOR' env is ignored due to the 'FORCE_COLOR' env being set.
(Use `node --trace-warnings ...` to show where the warning was created)
  x   69 apps\web\tests\journeys.spec.ts:7:3 › duration at 768 (283ms)
(node:32780) Warning: The 'NO_COLOR' env is ignored due to the 'FORCE_COLOR' env being set.
(Use `node --trace-warnings ...` to show where the warning was created)
  x   70 apps\web\tests\journeys.spec.ts:7:3 › geodenied at 768 (293ms)
(node:24424) Warning: The 'NO_COLOR' env is ignored due to the 'FORCE_COLOR' env being set.
(Use `node --trace-warnings ...` to show where the warning was created)
  x   71 apps\web\tests\journeys.spec.ts:7:3 › coordinates at 768 (317ms)
(node:38432) Warning: The 'NO_COLOR' env is ignored due to the 'FORCE_COLOR' env being set.
(Use `node --trace-warnings ...` to show where the warning was created)
  x   72 apps\web\tests\journeys.spec.ts:7:3 › cancel at 768 (293ms)
(node:25684) Warning: The 'NO_COLOR' env is ignored due to the 'FORCE_COLOR' env being set.
(Use `node --trace-warnings ...` to show where the warning was created)
  x   73 apps\web\tests\journeys.spec.ts:7:3 › offline at 768 (287ms)
(node:19660) Warning: The 'NO_COLOR' env is ignored due to the 'FORCE_COLOR' env being set.
(Use `node --trace-warnings ...` to show where the warning was created)
  x   74 apps\web\tests\journeys.spec.ts:7:3 › malformed at 768 (320ms)
(node:23072) Warning: The 'NO_COLOR' env is ignored due to the 'FORCE_COLOR' env being set.
(Use `node --trace-warnings ...` to show where the warning was created)
  x   75 apps\web\tests\journeys.spec.ts:7:3 › success at 1024 (308ms)
(node:15492) Warning: The 'NO_COLOR' env is ignored due to the 'FORCE_COLOR' env being set.
(Use `node --trace-warnings ...` to show where the warning was created)
  x   76 apps\web\tests\journeys.spec.ts:7:3 › budget at 1024 (280ms)
(node:3292) Warning: The 'NO_COLOR' env is ignored due to the 'FORCE_COLOR' env being set.
(Use `node --trace-warnings ...` to show where the warning was created)
  x   77 apps\web\tests\journeys.spec.ts:7:3 › currency at 1024 (334ms)
(node:7288) Warning: The 'NO_COLOR' env is ignored due to the 'FORCE_COLOR' env being set.
(Use `node --trace-warnings ...` to show where the warning was created)
  x   78 apps\web\tests\journeys.spec.ts:7:3 › walking at 1024 (309ms)
(node:32776) Warning: The 'NO_COLOR' env is ignored due to the 'FORCE_COLOR' env being set.
(Use `node --trace-warnings ...` to show where the warning was created)
  x   79 apps\web\tests\journeys.spec.ts:7:3 › duration at 1024 (300ms)
(node:42156) Warning: The 'NO_COLOR' env is ignored due to the 'FORCE_COLOR' env being set.
(Use `node --trace-warnings ...` to show where the warning was created)
  x   80 apps\web\tests\journeys.spec.ts:7:3 › geodenied at 1024 (320ms)
(node:19516) Warning: The 'NO_COLOR' env is ignored due to the 'FORCE_COLOR' env being set.
(Use `node --trace-warnings ...` to show where the warning was created)
  x   81 apps\web\tests\journeys.spec.ts:7:3 › coordinates at 1024 (352ms)
(node:5316) Warning: The 'NO_COLOR' env is ignored due to the 'FORCE_COLOR' env being set.
(Use `node --trace-warnings ...` to show where the warning was created)
  x   82 apps\web\tests\journeys.spec.ts:7:3 › cancel at 1024 (333ms)
(node:44476) Warning: The 'NO_COLOR' env is ignored due to the 'FORCE_COLOR' env being set.
(Use `node --trace-warnings ...` to show where the warning was created)
  x   83 apps\web\tests\journeys.spec.ts:7:3 › offline at 1024 (310ms)
(node:19056) Warning: The 'NO_COLOR' env is ignored due to the 'FORCE_COLOR' env being set.
(Use `node --trace-warnings ...` to show where the warning was created)
  x   84 apps\web\tests\journeys.spec.ts:7:3 › malformed at 1024 (278ms)
(node:25860) Warning: The 'NO_COLOR' env is ignored due to the 'FORCE_COLOR' env being set.
(Use `node --trace-warnings ...` to show where the warning was created)
  x   85 apps\web\tests\journeys.spec.ts:7:3 › success at 1280 (309ms)
(node:39448) Warning: The 'NO_COLOR' env is ignored due to the 'FORCE_COLOR' env being set.
(Use `node --trace-warnings ...` to show where the warning was created)
  x   86 apps\web\tests\journeys.spec.ts:7:3 › budget at 1280 (332ms)
(node:13408) Warning: The 'NO_COLOR' env is ignored due to the 'FORCE_COLOR' env being set.
(Use `node --trace-warnings ...` to show where the warning was created)
  x   87 apps\web\tests\journeys.spec.ts:7:3 › currency at 1280 (297ms)
(node:16848) Warning: The 'NO_COLOR' env is ignored due to the 'FORCE_COLOR' env being set.
(Use `node --trace-warnings ...` to show where the warning was created)
  x   88 apps\web\tests\journeys.spec.ts:7:3 › walking at 1280 (283ms)
(node:8980) Warning: The 'NO_COLOR' env is ignored due to the 'FORCE_COLOR' env being set.
(Use `node --trace-warnings ...` to show where the warning was created)
  x   89 apps\web\tests\journeys.spec.ts:7:3 › duration at 1280 (284ms)
(node:37288) Warning: The 'NO_COLOR' env is ignored due to the 'FORCE_COLOR' env being set.
(Use `node --trace-warnings ...` to show where the warning was created)
  x   90 apps\web\tests\journeys.spec.ts:7:3 › geodenied at 1280 (318ms)
(node:25224) Warning: The 'NO_COLOR' env is ignored due to the 'FORCE_COLOR' env being set.
(Use `node --trace-warnings ...` to show where the warning was created)
  x   91 apps\web\tests\journeys.spec.ts:7:3 › coordinates at 1280 (301ms)
(node:18040) Warning: The 'NO_COLOR' env is ignored due to the 'FORCE_COLOR' env being set.
(Use `node --trace-warnings ...` to show where the warning was created)
  x   92 apps\web\tests\journeys.spec.ts:7:3 › cancel at 1280 (302ms)
(node:22544) Warning: The 'NO_COLOR' env is ignored due to the 'FORCE_COLOR' env being set.
(Use `node --trace-warnings ...` to show where the warning was created)
  x   93 apps\web\tests\journeys.spec.ts:7:3 › offline at 1280 (326ms)
(node:43068) Warning: The 'NO_COLOR' env is ignored due to the 'FORCE_COLOR' env being set.
(Use `node --trace-warnings ...` to show where the warning was created)
  x   94 apps\web\tests\journeys.spec.ts:7:3 › malformed at 1280 (312ms)
(node:15132) Warning: The 'NO_COLOR' env is ignored due to the 'FORCE_COLOR' env being set.
(Use `node --trace-warnings ...` to show where the warning was created)
  x   95 apps\web\tests\journeys.spec.ts:7:3 › success at 1440 (284ms)
(node:9660) Warning: The 'NO_COLOR' env is ignored due to the 'FORCE_COLOR' env being set.
(Use `node --trace-warnings ...` to show where the warning was created)
  x   96 apps\web\tests\journeys.spec.ts:7:3 › budget at 1440 (306ms)
(node:40240) Warning: The 'NO_COLOR' env is ignored due to the 'FORCE_COLOR' env being set.
(Use `node --trace-warnings ...` to show where the warning was created)
  x   97 apps\web\tests\journeys.spec.ts:7:3 › currency at 1440 (292ms)
(node:4928) Warning: The 'NO_COLOR' env is ignored due to the 'FORCE_COLOR' env being set.
(Use `node --trace-warnings ...` to show where the warning was created)
  x   98 apps\web\tests\journeys.spec.ts:7:3 › walking at 1440 (311ms)
(node:3300) Warning: The 'NO_COLOR' env is ignored due to the 'FORCE_COLOR' env being set.
(Use `node --trace-warnings ...` to show where the warning was created)
  x   99 apps\web\tests\journeys.spec.ts:7:3 › duration at 1440 (297ms)
(node:19840) Warning: The 'NO_COLOR' env is ignored due to the 'FORCE_COLOR' env being set.
(Use `node --trace-warnings ...` to show where the warning was created)
  x  100 apps\web\tests\journeys.spec.ts:7:3 › geodenied at 1440 (322ms)
(node:20080) Warning: The 'NO_COLOR' env is ignored due to the 'FORCE_COLOR' env being set.
(Use `node --trace-warnings ...` to show where the warning was created)
  x  101 apps\web\tests\journeys.spec.ts:7:3 › coordinates at 1440 (291ms)
(node:20584) Warning: The 'NO_COLOR' env is ignored due to the 'FORCE_COLOR' env being set.
(Use `node --trace-warnings ...` to show where the warning was created)
  x  102 apps\web\tests\journeys.spec.ts:7:3 › cancel at 1440 (320ms)
(node:41688) Warning: The 'NO_COLOR' env is ignored due to the 'FORCE_COLOR' env being set.
(Use `node --trace-warnings ...` to show where the warning was created)
  x  103 apps\web\tests\journeys.spec.ts:7:3 › offline at 1440 (288ms)
(node:21168) Warning: The 'NO_COLOR' env is ignored due to the 'FORCE_COLOR' env being set.
(Use `node --trace-warnings ...` to show where the warning was created)
  x  104 apps\web\tests\journeys.spec.ts:7:3 › malformed at 1440 (347ms)
(node:39552) Warning: The 'NO_COLOR' env is ignored due to the 'FORCE_COLOR' env being set.
(Use `node --trace-warnings ...` to show where the warning was created)
  x  105 apps\web\tests\journeys.spec.ts:7:3 › success at 1920 (344ms)
(node:26376) Warning: The 'NO_COLOR' env is ignored due to the 'FORCE_COLOR' env being set.
(Use `node --trace-warnings ...` to show where the warning was created)
  x  106 apps\web\tests\journeys.spec.ts:7:3 › budget at 1920 (325ms)
(node:44956) Warning: The 'NO_COLOR' env is ignored due to the 'FORCE_COLOR' env being set.
(Use `node --trace-warnings ...` to show where the warning was created)
  x  107 apps\web\tests\journeys.spec.ts:7:3 › currency at 1920 (335ms)
(node:32528) Warning: The 'NO_COLOR' env is ignored due to the 'FORCE_COLOR' env being set.
(Use `node --trace-warnings ...` to show where the warning was created)
  x  108 apps\web\tests\journeys.spec.ts:7:3 › walking at 1920 (305ms)
(node:29588) Warning: The 'NO_COLOR' env is ignored due to the 'FORCE_COLOR' env being set.
(Use `node --trace-warnings ...` to show where the warning was created)
  x  109 apps\web\tests\journeys.spec.ts:7:3 › duration at 1920 (347ms)
(node:20292) Warning: The 'NO_COLOR' env is ignored due to the 'FORCE_COLOR' env being set.
(Use `node --trace-warnings ...` to show where the warning was created)
  x  110 apps\web\tests\journeys.spec.ts:7:3 › geodenied at 1920 (335ms)
(node:27220) Warning: The 'NO_COLOR' env is ignored due to the 'FORCE_COLOR' env being set.
(Use `node --trace-warnings ...` to show where the warning was created)
  x  111 apps\web\tests\journeys.spec.ts:7:3 › coordinates at 1920 (318ms)
(node:7776) Warning: The 'NO_COLOR' env is ignored due to the 'FORCE_COLOR' env being set.
(Use `node --trace-warnings ...` to show where the warning was created)
  x  112 apps\web\tests\journeys.spec.ts:7:3 › cancel at 1920 (321ms)
(node:31212) Warning: The 'NO_COLOR' env is ignored due to the 'FORCE_COLOR' env being set.
(Use `node --trace-warnings ...` to show where the warning was created)
  x  113 apps\web\tests\journeys.spec.ts:7:3 › offline at 1920 (308ms)
(node:5828) Warning: The 'NO_COLOR' env is ignored due to the 'FORCE_COLOR' env being set.
(Use `node --trace-warnings ...` to show where the warning was created)
  x  114 apps\web\tests\journeys.spec.ts:7:3 › malformed at 1920 (328ms)
(node:44276) Warning: The 'NO_COLOR' env is ignored due to the 'FORCE_COLOR' env being set.
(Use `node --trace-warnings ...` to show where the warning was created)
  x  115 apps\web\tests\journeys.spec.ts:7:3 › success at 3840 (354ms)
(node:6512) Warning: The 'NO_COLOR' env is ignored due to the 'FORCE_COLOR' env being set.
(Use `node --trace-warnings ...` to show where the warning was created)
  x  116 apps\web\tests\journeys.spec.ts:7:3 › budget at 3840 (317ms)
(node:20520) Warning: The 'NO_COLOR' env is ignored due to the 'FORCE_COLOR' env being set.
(Use `node --trace-warnings ...` to show where the warning was created)
  x  117 apps\web\tests\journeys.spec.ts:7:3 › currency at 3840 (328ms)
(node:30500) Warning: The 'NO_COLOR' env is ignored due to the 'FORCE_COLOR' env being set.
(Use `node --trace-warnings ...` to show where the warning was created)
  x  118 apps\web\tests\journeys.spec.ts:7:3 › walking at 3840 (326ms)
(node:36336) Warning: The 'NO_COLOR' env is ignored due to the 'FORCE_COLOR' env being set.
(Use `node --trace-warnings ...` to show where the warning was created)
  x  119 apps\web\tests\journeys.spec.ts:7:3 › duration at 3840 (346ms)
(node:28880) Warning: The 'NO_COLOR' env is ignored due to the 'FORCE_COLOR' env being set.
(Use `node --trace-warnings ...` to show where the warning was created)
  x  120 apps\web\tests\journeys.spec.ts:7:3 › geodenied at 3840 (364ms)
(node:20352) Warning: The 'NO_COLOR' env is ignored due to the 'FORCE_COLOR' env being set.
(Use `node --trace-warnings ...` to show where the warning was created)
  x  121 apps\web\tests\journeys.spec.ts:7:3 › coordinates at 3840 (331ms)
(node:44812) Warning: The 'NO_COLOR' env is ignored due to the 'FORCE_COLOR' env being set.
(Use `node --trace-warnings ...` to show where the warning was created)
  x  122 apps\web\tests\journeys.spec.ts:7:3 › cancel at 3840 (352ms)
(node:12520) Warning: The 'NO_COLOR' env is ignored due to the 'FORCE_COLOR' env being set.
(Use `node --trace-warnings ...` to show where the warning was created)
  x  123 apps\web\tests\journeys.spec.ts:7:3 › offline at 3840 (339ms)
(node:1956) Warning: The 'NO_COLOR' env is ignored due to the 'FORCE_COLOR' env being set.
(Use `node --trace-warnings ...` to show where the warning was created)
  x  124 apps\web\tests\journeys.spec.ts:7:3 › malformed at 3840 (336ms)


  1) apps\web\tests\journeys.spec.ts:7:3 › budget at 320 ───────────────────────────────────────────

    Error: expect(locator).toBeEnabled() failed

    Locator:  getByRole('button', { name: 'Compile one fixture plan' })
    Expected: enabled
    Received: disabled
    Timeout:  5000ms

    Call log:
      - Expect "toBeEnabled" getByRole('button', { name: 'Compile one fixture plan' }) with timeout 5000ms
      - waiting for getByRole('button', { name: 'Compile one fixture plan' })
        14 × locator resolved to <button disabled type="submit">Compile one fixture plan</button>
           - unexpected value "disabled"


      14 |     await page.goto('/');
      15 |     const submit = page.getByRole('button', { name: 'Compile one fixture plan' });
    > 16 |     await expect(submit).toBeEnabled();
         |                          ^
      17 |     if (path === 'budget') await page.getByLabel('Budget in INR', { exact: true }).fill('0');
      18 |     if (path === 'currency') await page.getByRole('combobox', { name: 'Currency', exact: true }).selectOption('USD');
      19 |     if (path === 'walking') await page.getByLabel('Walking, all legs (min)').fill('0');
        at C:\code_shit\Hackathon\ground-rule-build-pack\ground-rule-build-pack\apps\web\tests\journeys.spec.ts:16:26

    attachment #1: screenshot (image/png) ──────────────────────────────────────────────────────────
    apps\web\test-results\journeys-budget-at-320\test-failed-1.png
    ────────────────────────────────────────────────────────────────────────────────────────────────

    Error Context: apps\web\test-results\journeys-budget-at-320\error-context.md

    attachment #3: trace (application/zip) ─────────────────────────────────────────────────────────
    apps\web\test-results\journeys-budget-at-320\trace.zip
    Usage:

        npx playwright show-trace apps\web\test-results\journeys-budget-at-320\trace.zip

    ────────────────────────────────────────────────────────────────────────────────────────────────

  2) apps\web\tests\journeys.spec.ts:7:3 › currency at 320 ─────────────────────────────────────────

    Error: page.goto: net::ERR_CONNECTION_REFUSED at http://127.0.0.1:5174/
    Call log:
      - navigating to "http://127.0.0.1:5174/", waiting until "load"


      12 |     page.on('pageerror', e => errors.push(e.message));
      13 |     page.on('console', m => { if (m.type() === 'error' && !m.text().includes('Failed to load resource')) errors.push(m.text()); });
    > 14 |     await page.goto('/');
         |                ^
      15 |     const submit = page.getByRole('button', { name: 'Compile one fixture plan' });
      16 |     await expect(submit).toBeEnabled();
      17 |     if (path === 'budget') await page.getByLabel('Budget in INR', { exact: true }).fill('0');
        at C:\code_shit\Hackathon\ground-rule-build-pack\ground-rule-build-pack\apps\web\tests\journeys.spec.ts:14:16

    attachment #1: screenshot (image/png) ──────────────────────────────────────────────────────────
    apps\web\test-results\journeys-currency-at-320\test-failed-1.png
    ────────────────────────────────────────────────────────────────────────────────────────────────

    Error Context: apps\web\test-results\journeys-currency-at-320\error-context.md

    attachment #3: trace (application/zip) ─────────────────────────────────────────────────────────
    apps\web\test-results\journeys-currency-at-320\trace.zip
    Usage:

        npx playwright show-trace apps\web\test-results\journeys-currency-at-320\trace.zip

    ────────────────────────────────────────────────────────────────────────────────────────────────

  3) apps\web\tests\journeys.spec.ts:7:3 › walking at 320 ──────────────────────────────────────────

    Error: page.goto: net::ERR_CONNECTION_REFUSED at http://127.0.0.1:5174/
    Call log:
      - navigating to "http://127.0.0.1:5174/", waiting until "load"


      12 |     page.on('pageerror', e => errors.push(e.message));
      13 |     page.on('console', m => { if (m.type() === 'error' && !m.text().includes('Failed to load resource')) errors.push(m.text()); });
    > 14 |     await page.goto('/');
         |                ^
      15 |     const submit = page.getByRole('button', { name: 'Compile one fixture plan' });
      16 |     await expect(submit).toBeEnabled();
      17 |     if (path === 'budget') await page.getByLabel('Budget in INR', { exact: true }).fill('0');
        at C:\code_shit\Hackathon\ground-rule-build-pack\ground-rule-build-pack\apps\web\tests\journeys.spec.ts:14:16

    attachment #1: screenshot (image/png) ──────────────────────────────────────────────────────────
    apps\web\test-results\journeys-walking-at-320\test-failed-1.png
    ────────────────────────────────────────────────────────────────────────────────────────────────

    Error Context: apps\web\test-results\journeys-walking-at-320\error-context.md

    attachment #3: trace (application/zip) ─────────────────────────────────────────────────────────
    apps\web\test-results\journeys-walking-at-320\trace.zip
    Usage:

        npx playwright show-trace apps\web\test-results\journeys-walking-at-320\trace.zip

    ────────────────────────────────────────────────────────────────────────────────────────────────

  4) apps\web\tests\journeys.spec.ts:7:3 › duration at 320 ─────────────────────────────────────────

    Error: page.goto: net::ERR_CONNECTION_REFUSED at http://127.0.0.1:5174/
    Call log:
      - navigating to "http://127.0.0.1:5174/", waiting until "load"


      12 |     page.on('pageerror', e => errors.push(e.message));
      13 |     page.on('console', m => { if (m.type() === 'error' && !m.text().includes('Failed to load resource')) errors.push(m.text()); });
    > 14 |     await page.goto('/');
         |                ^
      15 |     const submit = page.getByRole('button', { name: 'Compile one fixture plan' });
      16 |     await expect(submit).toBeEnabled();
      17 |     if (path === 'budget') await page.getByLabel('Budget in INR', { exact: true }).fill('0');
        at C:\code_shit\Hackathon\ground-rule-build-pack\ground-rule-build-pack\apps\web\tests\journeys.spec.ts:14:16

    attachment #1: screenshot (image/png) ──────────────────────────────────────────────────────────
    apps\web\test-results\journeys-duration-at-320\test-failed-1.png
    ────────────────────────────────────────────────────────────────────────────────────────────────

    Error Context: apps\web\test-results\journeys-duration-at-320\error-context.md

    attachment #3: trace (application/zip) ─────────────────────────────────────────────────────────
    apps\web\test-results\journeys-duration-at-320\trace.zip
    Usage:

        npx playwright show-trace apps\web\test-results\journeys-duration-at-320\trace.zip

    ────────────────────────────────────────────────────────────────────────────────────────────────

  5) apps\web\tests\journeys.spec.ts:7:3 › geodenied at 320 ────────────────────────────────────────

    Error: page.goto: net::ERR_CONNECTION_REFUSED at http://127.0.0.1:5174/
    Call log:
      - navigating to "http://127.0.0.1:5174/", waiting until "load"


      12 |     page.on('pageerror', e => errors.push(e.message));
      13 |     page.on('console', m => { if (m.type() === 'error' && !m.text().includes('Failed to load resource')) errors.push(m.text()); });
    > 14 |     await page.goto('/');
         |                ^
      15 |     const submit = page.getByRole('button', { name: 'Compile one fixture plan' });
      16 |     await expect(submit).toBeEnabled();
      17 |     if (path === 'budget') await page.getByLabel('Budget in INR', { exact: true }).fill('0');
        at C:\code_shit\Hackathon\ground-rule-build-pack\ground-rule-build-pack\apps\web\tests\journeys.spec.ts:14:16

    attachment #1: screenshot (image/png) ──────────────────────────────────────────────────────────
    apps\web\test-results\journeys-geodenied-at-320\test-failed-1.png
    ────────────────────────────────────────────────────────────────────────────────────────────────

    Error Context: apps\web\test-results\journeys-geodenied-at-320\error-context.md

    attachment #3: trace (application/zip) ─────────────────────────────────────────────────────────
    apps\web\test-results\journeys-geodenied-at-320\trace.zip
    Usage:

        npx playwright show-trace apps\web\test-results\journeys-geodenied-at-320\trace.zip

    ────────────────────────────────────────────────────────────────────────────────────────────────

  6) apps\web\tests\journeys.spec.ts:7:3 › coordinates at 320 ──────────────────────────────────────

    Error: page.goto: net::ERR_CONNECTION_REFUSED at http://127.0.0.1:5174/
    Call log:
      - navigating to "http://127.0.0.1:5174/", waiting until "load"


      12 |     page.on('pageerror', e => errors.push(e.message));
      13 |     page.on('console', m => { if (m.type() === 'error' && !m.text().includes('Failed to load resource')) errors.push(m.text()); });
    > 14 |     await page.goto('/');
         |                ^
      15 |     const submit = page.getByRole('button', { name: 'Compile one fixture plan' });
      16 |     await expect(submit).toBeEnabled();
      17 |     if (path === 'budget') await page.getByLabel('Budget in INR', { exact: true }).fill('0');
        at C:\code_shit\Hackathon\ground-rule-build-pack\ground-rule-build-pack\apps\web\tests\journeys.spec.ts:14:16

    attachment #1: screenshot (image/png) ──────────────────────────────────────────────────────────
    apps\web\test-results\journeys-coordinates-at-320\test-failed-1.png
    ────────────────────────────────────────────────────────────────────────────────────────────────

    Error Context: apps\web\test-results\journeys-coordinates-at-320\error-context.md

    attachment #3: trace (application/zip) ─────────────────────────────────────────────────────────
    apps\web\test-results\journeys-coordinates-at-320\trace.zip
    Usage:

        npx playwright show-trace apps\web\test-results\journeys-coordinates-at-320\trace.zip

    ────────────────────────────────────────────────────────────────────────────────────────────────

  7) apps\web\tests\journeys.spec.ts:7:3 › cancel at 320 ───────────────────────────────────────────

    Error: page.goto: net::ERR_CONNECTION_REFUSED at http://127.0.0.1:5174/
    Call log:
      - navigating to "http://127.0.0.1:5174/", waiting until "load"


      12 |     page.on('pageerror', e => errors.push(e.message));
      13 |     page.on('console', m => { if (m.type() === 'error' && !m.text().includes('Failed to load resource')) errors.push(m.text()); });
    > 14 |     await page.goto('/');
         |                ^
      15 |     const submit = page.getByRole('button', { name: 'Compile one fixture plan' });
      16 |     await expect(submit).toBeEnabled();
      17 |     if (path === 'budget') await page.getByLabel('Budget in INR', { exact: true }).fill('0');
        at C:\code_shit\Hackathon\ground-rule-build-pack\ground-rule-build-pack\apps\web\tests\journeys.spec.ts:14:16

    attachment #1: screenshot (image/png) ──────────────────────────────────────────────────────────
    apps\web\test-results\journeys-cancel-at-320\test-failed-1.png
    ────────────────────────────────────────────────────────────────────────────────────────────────

    Error Context: apps\web\test-results\journeys-cancel-at-320\error-context.md

    attachment #3: trace (application/zip) ─────────────────────────────────────────────────────────
    apps\web\test-results\journeys-cancel-at-320\trace.zip
    Usage:

        npx playwright show-trace apps\web\test-results\journeys-cancel-at-320\trace.zip

    ────────────────────────────────────────────────────────────────────────────────────────────────

  8) apps\web\tests\journeys.spec.ts:7:3 › offline at 320 ──────────────────────────────────────────

    Error: page.goto: net::ERR_CONNECTION_REFUSED at http://127.0.0.1:5174/
    Call log:
      - navigating to "http://127.0.0.1:5174/", waiting until "load"


      12 |     page.on('pageerror', e => errors.push(e.message));
      13 |     page.on('console', m => { if (m.type() === 'error' && !m.text().includes('Failed to load resource')) errors.push(m.text()); });
    > 14 |     await page.goto('/');
         |                ^
      15 |     const submit = page.getByRole('button', { name: 'Compile one fixture plan' });
      16 |     await expect(submit).toBeEnabled();
      17 |     if (path === 'budget') await page.getByLabel('Budget in INR', { exact: true }).fill('0');
        at C:\code_shit\Hackathon\ground-rule-build-pack\ground-rule-build-pack\apps\web\tests\journeys.spec.ts:14:16

    attachment #1: screenshot (image/png) ──────────────────────────────────────────────────────────
    apps\web\test-results\journeys-offline-at-320\test-failed-1.png
    ────────────────────────────────────────────────────────────────────────────────────────────────

    Error Context: apps\web\test-results\journeys-offline-at-320\error-context.md

    attachment #3: trace (application/zip) ─────────────────────────────────────────────────────────
    apps\web\test-results\journeys-offline-at-320\trace.zip
    Usage:

        npx playwright show-trace apps\web\test-results\journeys-offline-at-320\trace.zip

    ────────────────────────────────────────────────────────────────────────────────────────────────

  9) apps\web\tests\journeys.spec.ts:7:3 › malformed at 320 ────────────────────────────────────────

    Error: page.goto: net::ERR_CONNECTION_REFUSED at http://127.0.0.1:5174/
    Call log:
      - navigating to "http://127.0.0.1:5174/", waiting until "load"


      12 |     page.on('pageerror', e => errors.push(e.message));
      13 |     page.on('console', m => { if (m.type() === 'error' && !m.text().includes('Failed to load resource')) errors.push(m.text()); });
    > 14 |     await page.goto('/');
         |                ^
      15 |     const submit = page.getByRole('button', { name: 'Compile one fixture plan' });
      16 |     await expect(submit).toBeEnabled();
      17 |     if (path === 'budget') await page.getByLabel('Budget in INR', { exact: true }).fill('0');
        at C:\code_shit\Hackathon\ground-rule-build-pack\ground-rule-build-pack\apps\web\tests\journeys.spec.ts:14:16

    attachment #1: screenshot (image/png) ──────────────────────────────────────────────────────────
    apps\web\test-results\journeys-malformed-at-320\test-failed-1.png
    ────────────────────────────────────────────────────────────────────────────────────────────────

    Error Context: apps\web\test-results\journeys-malformed-at-320\error-context.md

    attachment #3: trace (application/zip) ─────────────────────────────────────────────────────────
    apps\web\test-results\journeys-malformed-at-320\trace.zip
    Usage:

        npx playwright show-trace apps\web\test-results\journeys-malformed-at-320\trace.zip

    ────────────────────────────────────────────────────────────────────────────────────────────────

  10) apps\web\tests\journeys.spec.ts:7:3 › success at 360 ─────────────────────────────────────────

    Error: page.goto: net::ERR_CONNECTION_REFUSED at http://127.0.0.1:5174/
    Call log:
      - navigating to "http://127.0.0.1:5174/", waiting until "load"


      12 |     page.on('pageerror', e => errors.push(e.message));
      13 |     page.on('console', m => { if (m.type() === 'error' && !m.text().includes('Failed to load resource')) errors.push(m.text()); });
    > 14 |     await page.goto('/');
         |                ^
      15 |     const submit = page.getByRole('button', { name: 'Compile one fixture plan' });
      16 |     await expect(submit).toBeEnabled();
      17 |     if (path === 'budget') await page.getByLabel('Budget in INR', { exact: true }).fill('0');
        at C:\code_shit\Hackathon\ground-rule-build-pack\ground-rule-build-pack\apps\web\tests\journeys.spec.ts:14:16

    attachment #1: screenshot (image/png) ──────────────────────────────────────────────────────────
    apps\web\test-results\journeys-success-at-360\test-failed-1.png
    ────────────────────────────────────────────────────────────────────────────────────────────────

    Error Context: apps\web\test-results\journeys-success-at-360\error-context.md

    attachment #3: trace (application/zip) ─────────────────────────────────────────────────────────
    apps\web\test-results\journeys-success-at-360\trace.zip
    Usage:

        npx playwright show-trace apps\web\test-results\journeys-success-at-360\trace.zip

    ────────────────────────────────────────────────────────────────────────────────────────────────

  11) apps\web\tests\journeys.spec.ts:7:3 › budget at 360 ──────────────────────────────────────────

    Error: page.goto: net::ERR_CONNECTION_REFUSED at http://127.0.0.1:5174/
    Call log:
      - navigating to "http://127.0.0.1:5174/", waiting until "load"


      12 |     page.on('pageerror', e => errors.push(e.message));
      13 |     page.on('console', m => { if (m.type() === 'error' && !m.text().includes('Failed to load resource')) errors.push(m.text()); });
    > 14 |     await page.goto('/');
         |                ^
      15 |     const submit = page.getByRole('button', { name: 'Compile one fixture plan' });
      16 |     await expect(submit).toBeEnabled();
      17 |     if (path === 'budget') await page.getByLabel('Budget in INR', { exact: true }).fill('0');
        at C:\code_shit\Hackathon\ground-rule-build-pack\ground-rule-build-pack\apps\web\tests\journeys.spec.ts:14:16

    attachment #1: screenshot (image/png) ──────────────────────────────────────────────────────────
    apps\web\test-results\journeys-budget-at-360\test-failed-1.png
    ────────────────────────────────────────────────────────────────────────────────────────────────

    Error Context: apps\web\test-results\journeys-budget-at-360\error-context.md

    attachment #3: trace (application/zip) ─────────────────────────────────────────────────────────
    apps\web\test-results\journeys-budget-at-360\trace.zip
    Usage:

        npx playwright show-trace apps\web\test-results\journeys-budget-at-360\trace.zip

    ────────────────────────────────────────────────────────────────────────────────────────────────

  12) apps\web\tests\journeys.spec.ts:7:3 › currency at 360 ────────────────────────────────────────

    Error: page.goto: net::ERR_CONNECTION_REFUSED at http://127.0.0.1:5174/
    Call log:
      - navigating to "http://127.0.0.1:5174/", waiting until "load"


      12 |     page.on('pageerror', e => errors.push(e.message));
      13 |     page.on('console', m => { if (m.type() === 'error' && !m.text().includes('Failed to load resource')) errors.push(m.text()); });
    > 14 |     await page.goto('/');
         |                ^
      15 |     const submit = page.getByRole('button', { name: 'Compile one fixture plan' });
      16 |     await expect(submit).toBeEnabled();
      17 |     if (path === 'budget') await page.getByLabel('Budget in INR', { exact: true }).fill('0');
        at C:\code_shit\Hackathon\ground-rule-build-pack\ground-rule-build-pack\apps\web\tests\journeys.spec.ts:14:16

    attachment #1: screenshot (image/png) ──────────────────────────────────────────────────────────
    apps\web\test-results\journeys-currency-at-360\test-failed-1.png
    ────────────────────────────────────────────────────────────────────────────────────────────────

    Error Context: apps\web\test-results\journeys-currency-at-360\error-context.md

    attachment #3: trace (application/zip) ─────────────────────────────────────────────────────────
    apps\web\test-results\journeys-currency-at-360\trace.zip
    Usage:

        npx playwright show-trace apps\web\test-results\journeys-currency-at-360\trace.zip

    ────────────────────────────────────────────────────────────────────────────────────────────────

  13) apps\web\tests\journeys.spec.ts:7:3 › walking at 360 ─────────────────────────────────────────

    Error: page.goto: net::ERR_CONNECTION_REFUSED at http://127.0.0.1:5174/
    Call log:
      - navigating to "http://127.0.0.1:5174/", waiting until "load"


      12 |     page.on('pageerror', e => errors.push(e.message));
      13 |     page.on('console', m => { if (m.type() === 'error' && !m.text().includes('Failed to load resource')) errors.push(m.text()); });
    > 14 |     await page.goto('/');
         |                ^
      15 |     const submit = page.getByRole('button', { name: 'Compile one fixture plan' });
      16 |     await expect(submit).toBeEnabled();
      17 |     if (path === 'budget') await page.getByLabel('Budget in INR', { exact: true }).fill('0');
        at C:\code_shit\Hackathon\ground-rule-build-pack\ground-rule-build-pack\apps\web\tests\journeys.spec.ts:14:16

    attachment #1: screenshot (image/png) ──────────────────────────────────────────────────────────
    apps\web\test-results\journeys-walking-at-360\test-failed-1.png
    ────────────────────────────────────────────────────────────────────────────────────────────────

    Error Context: apps\web\test-results\journeys-walking-at-360\error-context.md

    attachment #3: trace (application/zip) ─────────────────────────────────────────────────────────
    apps\web\test-results\journeys-walking-at-360\trace.zip
    Usage:

        npx playwright show-trace apps\web\test-results\journeys-walking-at-360\trace.zip

    ────────────────────────────────────────────────────────────────────────────────────────────────

  14) apps\web\tests\journeys.spec.ts:7:3 › duration at 360 ────────────────────────────────────────

    Error: page.goto: net::ERR_CONNECTION_REFUSED at http://127.0.0.1:5174/
    Call log:
      - navigating to "http://127.0.0.1:5174/", waiting until "load"


      12 |     page.on('pageerror', e => errors.push(e.message));
      13 |     page.on('console', m => { if (m.type() === 'error' && !m.text().includes('Failed to load resource')) errors.push(m.text()); });
    > 14 |     await page.goto('/');
         |                ^
      15 |     const submit = page.getByRole('button', { name: 'Compile one fixture plan' });
      16 |     await expect(submit).toBeEnabled();
      17 |     if (path === 'budget') await page.getByLabel('Budget in INR', { exact: true }).fill('0');
        at C:\code_shit\Hackathon\ground-rule-build-pack\ground-rule-build-pack\apps\web\tests\journeys.spec.ts:14:16

    attachment #1: screenshot (image/png) ──────────────────────────────────────────────────────────
    apps\web\test-results\journeys-duration-at-360\test-failed-1.png
    ────────────────────────────────────────────────────────────────────────────────────────────────

    Error Context: apps\web\test-results\journeys-duration-at-360\error-context.md

    attachment #3: trace (application/zip) ─────────────────────────────────────────────────────────
    apps\web\test-results\journeys-duration-at-360\trace.zip
    Usage:

        npx playwright show-trace apps\web\test-results\journeys-duration-at-360\trace.zip

    ────────────────────────────────────────────────────────────────────────────────────────────────

  15) apps\web\tests\journeys.spec.ts:7:3 › geodenied at 360 ───────────────────────────────────────

    Error: page.goto: net::ERR_CONNECTION_REFUSED at http://127.0.0.1:5174/
    Call log:
      - navigating to "http://127.0.0.1:5174/", waiting until "load"


      12 |     page.on('pageerror', e => errors.push(e.message));
      13 |     page.on('console', m => { if (m.type() === 'error' && !m.text().includes('Failed to load resource')) errors.push(m.text()); });
    > 14 |     await page.goto('/');
         |                ^
      15 |     const submit = page.getByRole('button', { name: 'Compile one fixture plan' });
      16 |     await expect(submit).toBeEnabled();
      17 |     if (path === 'budget') await page.getByLabel('Budget in INR', { exact: true }).fill('0');
        at C:\code_shit\Hackathon\ground-rule-build-pack\ground-rule-build-pack\apps\web\tests\journeys.spec.ts:14:16

    attachment #1: screenshot (image/png) ──────────────────────────────────────────────────────────
    apps\web\test-results\journeys-geodenied-at-360\test-failed-1.png
    ────────────────────────────────────────────────────────────────────────────────────────────────

    Error Context: apps\web\test-results\journeys-geodenied-at-360\error-context.md

    attachment #3: trace (application/zip) ─────────────────────────────────────────────────────────
    apps\web\test-results\journeys-geodenied-at-360\trace.zip
    Usage:

        npx playwright show-trace apps\web\test-results\journeys-geodenied-at-360\trace.zip

    ────────────────────────────────────────────────────────────────────────────────────────────────

  16) apps\web\tests\journeys.spec.ts:7:3 › coordinates at 360 ─────────────────────────────────────

    Error: page.goto: net::ERR_CONNECTION_REFUSED at http://127.0.0.1:5174/
    Call log:
      - navigating to "http://127.0.0.1:5174/", waiting until "load"


      12 |     page.on('pageerror', e => errors.push(e.message));
      13 |     page.on('console', m => { if (m.type() === 'error' && !m.text().includes('Failed to load resource')) errors.push(m.text()); });
    > 14 |     await page.goto('/');
         |                ^
      15 |     const submit = page.getByRole('button', { name: 'Compile one fixture plan' });
      16 |     await expect(submit).toBeEnabled();
      17 |     if (path === 'budget') await page.getByLabel('Budget in INR', { exact: true }).fill('0');
        at C:\code_shit\Hackathon\ground-rule-build-pack\ground-rule-build-pack\apps\web\tests\journeys.spec.ts:14:16

    attachment #1: screenshot (image/png) ──────────────────────────────────────────────────────────
    apps\web\test-results\journeys-coordinates-at-360\test-failed-1.png
    ────────────────────────────────────────────────────────────────────────────────────────────────

    Error Context: apps\web\test-results\journeys-coordinates-at-360\error-context.md

    attachment #3: trace (application/zip) ─────────────────────────────────────────────────────────
    apps\web\test-results\journeys-coordinates-at-360\trace.zip
    Usage:

        npx playwright show-trace apps\web\test-results\journeys-coordinates-at-360\trace.zip

    ────────────────────────────────────────────────────────────────────────────────────────────────

  17) apps\web\tests\journeys.spec.ts:7:3 › cancel at 360 ──────────────────────────────────────────

    Error: page.goto: net::ERR_CONNECTION_REFUSED at http://127.0.0.1:5174/
    Call log:
      - navigating to "http://127.0.0.1:5174/", waiting until "load"


      12 |     page.on('pageerror', e => errors.push(e.message));
      13 |     page.on('console', m => { if (m.type() === 'error' && !m.text().includes('Failed to load resource')) errors.push(m.text()); });
    > 14 |     await page.goto('/');
         |                ^
      15 |     const submit = page.getByRole('button', { name: 'Compile one fixture plan' });
      16 |     await expect(submit).toBeEnabled();
      17 |     if (path === 'budget') await page.getByLabel('Budget in INR', { exact: true }).fill('0');
        at C:\code_shit\Hackathon\ground-rule-build-pack\ground-rule-build-pack\apps\web\tests\journeys.spec.ts:14:16

    attachment #1: screenshot (image/png) ──────────────────────────────────────────────────────────
    apps\web\test-results\journeys-cancel-at-360\test-failed-1.png
    ────────────────────────────────────────────────────────────────────────────────────────────────

    Error Context: apps\web\test-results\journeys-cancel-at-360\error-context.md

    attachment #3: trace (application/zip) ─────────────────────────────────────────────────────────
    apps\web\test-results\journeys-cancel-at-360\trace.zip
    Usage:

        npx playwright show-trace apps\web\test-results\journeys-cancel-at-360\trace.zip

    ────────────────────────────────────────────────────────────────────────────────────────────────

  18) apps\web\tests\journeys.spec.ts:7:3 › offline at 360 ─────────────────────────────────────────

    Error: page.goto: net::ERR_CONNECTION_REFUSED at http://127.0.0.1:5174/
    Call log:
      - navigating to "http://127.0.0.1:5174/", waiting until "load"


      12 |     page.on('pageerror', e => errors.push(e.message));
      13 |     page.on('console', m => { if (m.type() === 'error' && !m.text().includes('Failed to load resource')) errors.push(m.text()); });
    > 14 |     await page.goto('/');
         |                ^
      15 |     const submit = page.getByRole('button', { name: 'Compile one fixture plan' });
      16 |     await expect(submit).toBeEnabled();
      17 |     if (path === 'budget') await page.getByLabel('Budget in INR', { exact: true }).fill('0');
        at C:\code_shit\Hackathon\ground-rule-build-pack\ground-rule-build-pack\apps\web\tests\journeys.spec.ts:14:16

    attachment #1: screenshot (image/png) ──────────────────────────────────────────────────────────
    apps\web\test-results\journeys-offline-at-360\test-failed-1.png
    ────────────────────────────────────────────────────────────────────────────────────────────────

    Error Context: apps\web\test-results\journeys-offline-at-360\error-context.md

    attachment #3: trace (application/zip) ─────────────────────────────────────────────────────────
    apps\web\test-results\journeys-offline-at-360\trace.zip
    Usage:

        npx playwright show-trace apps\web\test-results\journeys-offline-at-360\trace.zip

    ────────────────────────────────────────────────────────────────────────────────────────────────

  19) apps\web\tests\journeys.spec.ts:7:3 › malformed at 360 ───────────────────────────────────────

    Error: page.goto: net::ERR_CONNECTION_REFUSED at http://127.0.0.1:5174/
    Call log:
      - navigating to "http://127.0.0.1:5174/", waiting until "load"


      12 |     page.on('pageerror', e => errors.push(e.message));
      13 |     page.on('console', m => { if (m.type() === 'error' && !m.text().includes('Failed to load resource')) errors.push(m.text()); });
    > 14 |     await page.goto('/');
         |                ^
      15 |     const submit = page.getByRole('button', { name: 'Compile one fixture plan' });
      16 |     await expect(submit).toBeEnabled();
      17 |     if (path === 'budget') await page.getByLabel('Budget in INR', { exact: true }).fill('0');
        at C:\code_shit\Hackathon\ground-rule-build-pack\ground-rule-build-pack\apps\web\tests\journeys.spec.ts:14:16

    attachment #1: screenshot (image/png) ──────────────────────────────────────────────────────────
    apps\web\test-results\journeys-malformed-at-360\test-failed-1.png
    ────────────────────────────────────────────────────────────────────────────────────────────────

    Error Context: apps\web\test-results\journeys-malformed-at-360\error-context.md

    attachment #3: trace (application/zip) ─────────────────────────────────────────────────────────
    apps\web\test-results\journeys-malformed-at-360\trace.zip
    Usage:

        npx playwright show-trace apps\web\test-results\journeys-malformed-at-360\trace.zip

    ────────────────────────────────────────────────────────────────────────────────────────────────

  20) apps\web\tests\journeys.spec.ts:7:3 › success at 375 ─────────────────────────────────────────

    Error: page.goto: net::ERR_CONNECTION_REFUSED at http://127.0.0.1:5174/
    Call log:
      - navigating to "http://127.0.0.1:5174/", waiting until "load"


      12 |     page.on('pageerror', e => errors.push(e.message));
      13 |     page.on('console', m => { if (m.type() === 'error' && !m.text().includes('Failed to load resource')) errors.push(m.text()); });
    > 14 |     await page.goto('/');
         |                ^
      15 |     const submit = page.getByRole('button', { name: 'Compile one fixture plan' });
      16 |     await expect(submit).toBeEnabled();
      17 |     if (path === 'budget') await page.getByLabel('Budget in INR', { exact: true }).fill('0');
        at C:\code_shit\Hackathon\ground-rule-build-pack\ground-rule-build-pack\apps\web\tests\journeys.spec.ts:14:16

    attachment #1: screenshot (image/png) ──────────────────────────────────────────────────────────
    apps\web\test-results\journeys-success-at-375\test-failed-1.png
    ────────────────────────────────────────────────────────────────────────────────────────────────

    Error Context: apps\web\test-results\journeys-success-at-375\error-context.md

    attachment #3: trace (application/zip) ─────────────────────────────────────────────────────────
    apps\web\test-results\journeys-success-at-375\trace.zip
    Usage:

        npx playwright show-trace apps\web\test-results\journeys-success-at-375\trace.zip

    ────────────────────────────────────────────────────────────────────────────────────────────────

  21) apps\web\tests\journeys.spec.ts:7:3 › budget at 375 ──────────────────────────────────────────

    Error: page.goto: net::ERR_CONNECTION_REFUSED at http://127.0.0.1:5174/
    Call log:
      - navigating to "http://127.0.0.1:5174/", waiting until "load"


      12 |     page.on('pageerror', e => errors.push(e.message));
      13 |     page.on('console', m => { if (m.type() === 'error' && !m.text().includes('Failed to load resource')) errors.push(m.text()); });
    > 14 |     await page.goto('/');
         |                ^
      15 |     const submit = page.getByRole('button', { name: 'Compile one fixture plan' });
      16 |     await expect(submit).toBeEnabled();
      17 |     if (path === 'budget') await page.getByLabel('Budget in INR', { exact: true }).fill('0');
        at C:\code_shit\Hackathon\ground-rule-build-pack\ground-rule-build-pack\apps\web\tests\journeys.spec.ts:14:16

    attachment #1: screenshot (image/png) ──────────────────────────────────────────────────────────
    apps\web\test-results\journeys-budget-at-375\test-failed-1.png
    ────────────────────────────────────────────────────────────────────────────────────────────────

    Error Context: apps\web\test-results\journeys-budget-at-375\error-context.md

    attachment #3: trace (application/zip) ─────────────────────────────────────────────────────────
    apps\web\test-results\journeys-budget-at-375\trace.zip
    Usage:

        npx playwright show-trace apps\web\test-results\journeys-budget-at-375\trace.zip

    ────────────────────────────────────────────────────────────────────────────────────────────────

  22) apps\web\tests\journeys.spec.ts:7:3 › currency at 375 ────────────────────────────────────────

    Error: page.goto: net::ERR_CONNECTION_REFUSED at http://127.0.0.1:5174/
    Call log:
      - navigating to "http://127.0.0.1:5174/", waiting until "load"


      12 |     page.on('pageerror', e => errors.push(e.message));
      13 |     page.on('console', m => { if (m.type() === 'error' && !m.text().includes('Failed to load resource')) errors.push(m.text()); });
    > 14 |     await page.goto('/');
         |                ^
      15 |     const submit = page.getByRole('button', { name: 'Compile one fixture plan' });
      16 |     await expect(submit).toBeEnabled();
      17 |     if (path === 'budget') await page.getByLabel('Budget in INR', { exact: true }).fill('0');
        at C:\code_shit\Hackathon\ground-rule-build-pack\ground-rule-build-pack\apps\web\tests\journeys.spec.ts:14:16

    attachment #1: screenshot (image/png) ──────────────────────────────────────────────────────────
    apps\web\test-results\journeys-currency-at-375\test-failed-1.png
    ────────────────────────────────────────────────────────────────────────────────────────────────

    Error Context: apps\web\test-results\journeys-currency-at-375\error-context.md

    attachment #3: trace (application/zip) ─────────────────────────────────────────────────────────
    apps\web\test-results\journeys-currency-at-375\trace.zip
    Usage:

        npx playwright show-trace apps\web\test-results\journeys-currency-at-375\trace.zip

    ────────────────────────────────────────────────────────────────────────────────────────────────

  23) apps\web\tests\journeys.spec.ts:7:3 › walking at 375 ─────────────────────────────────────────

    Error: page.goto: net::ERR_CONNECTION_REFUSED at http://127.0.0.1:5174/
    Call log:
      - navigating to "http://127.0.0.1:5174/", waiting until "load"


      12 |     page.on('pageerror', e => errors.push(e.message));
      13 |     page.on('console', m => { if (m.type() === 'error' && !m.text().includes('Failed to load resource')) errors.push(m.text()); });
    > 14 |     await page.goto('/');
         |                ^
      15 |     const submit = page.getByRole('button', { name: 'Compile one fixture plan' });
      16 |     await expect(submit).toBeEnabled();
      17 |     if (path === 'budget') await page.getByLabel('Budget in INR', { exact: true }).fill('0');
        at C:\code_shit\Hackathon\ground-rule-build-pack\ground-rule-build-pack\apps\web\tests\journeys.spec.ts:14:16

    attachment #1: screenshot (image/png) ──────────────────────────────────────────────────────────
    apps\web\test-results\journeys-walking-at-375\test-failed-1.png
    ────────────────────────────────────────────────────────────────────────────────────────────────

    Error Context: apps\web\test-results\journeys-walking-at-375\error-context.md

    attachment #3: trace (application/zip) ─────────────────────────────────────────────────────────
    apps\web\test-results\journeys-walking-at-375\trace.zip
    Usage:

        npx playwright show-trace apps\web\test-results\journeys-walking-at-375\trace.zip

    ────────────────────────────────────────────────────────────────────────────────────────────────

  24) apps\web\tests\journeys.spec.ts:7:3 › duration at 375 ────────────────────────────────────────

    Error: page.goto: net::ERR_CONNECTION_REFUSED at http://127.0.0.1:5174/
    Call log:
      - navigating to "http://127.0.0.1:5174/", waiting until "load"


      12 |     page.on('pageerror', e => errors.push(e.message));
      13 |     page.on('console', m => { if (m.type() === 'error' && !m.text().includes('Failed to load resource')) errors.push(m.text()); });
    > 14 |     await page.goto('/');
         |                ^
      15 |     const submit = page.getByRole('button', { name: 'Compile one fixture plan' });
      16 |     await expect(submit).toBeEnabled();
      17 |     if (path === 'budget') await page.getByLabel('Budget in INR', { exact: true }).fill('0');
        at C:\code_shit\Hackathon\ground-rule-build-pack\ground-rule-build-pack\apps\web\tests\journeys.spec.ts:14:16

    attachment #1: screenshot (image/png) ──────────────────────────────────────────────────────────
    apps\web\test-results\journeys-duration-at-375\test-failed-1.png
    ────────────────────────────────────────────────────────────────────────────────────────────────

    Error Context: apps\web\test-results\journeys-duration-at-375\error-context.md

    attachment #3: trace (application/zip) ─────────────────────────────────────────────────────────
    apps\web\test-results\journeys-duration-at-375\trace.zip
    Usage:

        npx playwright show-trace apps\web\test-results\journeys-duration-at-375\trace.zip

    ────────────────────────────────────────────────────────────────────────────────────────────────

  25) apps\web\tests\journeys.spec.ts:7:3 › geodenied at 375 ───────────────────────────────────────

    Error: page.goto: net::ERR_CONNECTION_REFUSED at http://127.0.0.1:5174/
    Call log:
      - navigating to "http://127.0.0.1:5174/", waiting until "load"


      12 |     page.on('pageerror', e => errors.push(e.message));
      13 |     page.on('console', m => { if (m.type() === 'error' && !m.text().includes('Failed to load resource')) errors.push(m.text()); });
    > 14 |     await page.goto('/');
         |                ^
      15 |     const submit = page.getByRole('button', { name: 'Compile one fixture plan' });
      16 |     await expect(submit).toBeEnabled();
      17 |     if (path === 'budget') await page.getByLabel('Budget in INR', { exact: true }).fill('0');
        at C:\code_shit\Hackathon\ground-rule-build-pack\ground-rule-build-pack\apps\web\tests\journeys.spec.ts:14:16

    attachment #1: screenshot (image/png) ──────────────────────────────────────────────────────────
    apps\web\test-results\journeys-geodenied-at-375\test-failed-1.png
    ────────────────────────────────────────────────────────────────────────────────────────────────

    Error Context: apps\web\test-results\journeys-geodenied-at-375\error-context.md

    attachment #3: trace (application/zip) ─────────────────────────────────────────────────────────
    apps\web\test-results\journeys-geodenied-at-375\trace.zip
    Usage:

        npx playwright show-trace apps\web\test-results\journeys-geodenied-at-375\trace.zip

    ────────────────────────────────────────────────────────────────────────────────────────────────

  26) apps\web\tests\journeys.spec.ts:7:3 › coordinates at 375 ─────────────────────────────────────

    Error: page.goto: net::ERR_CONNECTION_REFUSED at http://127.0.0.1:5174/
    Call log:
      - navigating to "http://127.0.0.1:5174/", waiting until "load"


      12 |     page.on('pageerror', e => errors.push(e.message));
      13 |     page.on('console', m => { if (m.type() === 'error' && !m.text().includes('Failed to load resource')) errors.push(m.text()); });
    > 14 |     await page.goto('/');
         |                ^
      15 |     const submit = page.getByRole('button', { name: 'Compile one fixture plan' });
      16 |     await expect(submit).toBeEnabled();
      17 |     if (path === 'budget') await page.getByLabel('Budget in INR', { exact: true }).fill('0');
        at C:\code_shit\Hackathon\ground-rule-build-pack\ground-rule-build-pack\apps\web\tests\journeys.spec.ts:14:16

    attachment #1: screenshot (image/png) ──────────────────────────────────────────────────────────
    apps\web\test-results\journeys-coordinates-at-375\test-failed-1.png
    ────────────────────────────────────────────────────────────────────────────────────────────────

    Error Context: apps\web\test-results\journeys-coordinates-at-375\error-context.md

    attachment #3: trace (application/zip) ─────────────────────────────────────────────────────────
    apps\web\test-results\journeys-coordinates-at-375\trace.zip
    Usage:

        npx playwright show-trace apps\web\test-results\journeys-coordinates-at-375\trace.zip

    ────────────────────────────────────────────────────────────────────────────────────────────────

  27) apps\web\tests\journeys.spec.ts:7:3 › cancel at 375 ──────────────────────────────────────────

    Error: page.goto: net::ERR_CONNECTION_REFUSED at http://127.0.0.1:5174/
    Call log:
      - navigating to "http://127.0.0.1:5174/", waiting until "load"


      12 |     page.on('pageerror', e => errors.push(e.message));
      13 |     page.on('console', m => { if (m.type() === 'error' && !m.text().includes('Failed to load resource')) errors.push(m.text()); });
    > 14 |     await page.goto('/');
         |                ^
      15 |     const submit = page.getByRole('button', { name: 'Compile one fixture plan' });
      16 |     await expect(submit).toBeEnabled();
      17 |     if (path === 'budget') await page.getByLabel('Budget in INR', { exact: true }).fill('0');
        at C:\code_shit\Hackathon\ground-rule-build-pack\ground-rule-build-pack\apps\web\tests\journeys.spec.ts:14:16

    attachment #1: screenshot (image/png) ──────────────────────────────────────────────────────────
    apps\web\test-results\journeys-cancel-at-375\test-failed-1.png
    ────────────────────────────────────────────────────────────────────────────────────────────────

    Error Context: apps\web\test-results\journeys-cancel-at-375\error-context.md

    attachment #3: trace (application/zip) ─────────────────────────────────────────────────────────
    apps\web\test-results\journeys-cancel-at-375\trace.zip
    Usage:

        npx playwright show-trace apps\web\test-results\journeys-cancel-at-375\trace.zip

    ────────────────────────────────────────────────────────────────────────────────────────────────

  28) apps\web\tests\journeys.spec.ts:7:3 › offline at 375 ─────────────────────────────────────────

    Error: page.goto: net::ERR_CONNECTION_REFUSED at http://127.0.0.1:5174/
    Call log:
      - navigating to "http://127.0.0.1:5174/", waiting until "load"


      12 |     page.on('pageerror', e => errors.push(e.message));
      13 |     page.on('console', m => { if (m.type() === 'error' && !m.text().includes('Failed to load resource')) errors.push(m.text()); });
    > 14 |     await page.goto('/');
         |                ^
      15 |     const submit = page.getByRole('button', { name: 'Compile one fixture plan' });
      16 |     await expect(submit).toBeEnabled();
      17 |     if (path === 'budget') await page.getByLabel('Budget in INR', { exact: true }).fill('0');
        at C:\code_shit\Hackathon\ground-rule-build-pack\ground-rule-build-pack\apps\web\tests\journeys.spec.ts:14:16

    attachment #1: screenshot (image/png) ──────────────────────────────────────────────────────────
    apps\web\test-results\journeys-offline-at-375\test-failed-1.png
    ────────────────────────────────────────────────────────────────────────────────────────────────

    Error Context: apps\web\test-results\journeys-offline-at-375\error-context.md

    attachment #3: trace (application/zip) ─────────────────────────────────────────────────────────
    apps\web\test-results\journeys-offline-at-375\trace.zip
    Usage:

        npx playwright show-trace apps\web\test-results\journeys-offline-at-375\trace.zip

    ────────────────────────────────────────────────────────────────────────────────────────────────

  29) apps\web\tests\journeys.spec.ts:7:3 › malformed at 375 ───────────────────────────────────────

    Error: page.goto: net::ERR_CONNECTION_REFUSED at http://127.0.0.1:5174/
    Call log:
      - navigating to "http://127.0.0.1:5174/", waiting until "load"


      12 |     page.on('pageerror', e => errors.push(e.message));
      13 |     page.on('console', m => { if (m.type() === 'error' && !m.text().includes('Failed to load resource')) errors.push(m.text()); });
    > 14 |     await page.goto('/');
         |                ^
      15 |     const submit = page.getByRole('button', { name: 'Compile one fixture plan' });
      16 |     await expect(submit).toBeEnabled();
      17 |     if (path === 'budget') await page.getByLabel('Budget in INR', { exact: true }).fill('0');
        at C:\code_shit\Hackathon\ground-rule-build-pack\ground-rule-build-pack\apps\web\tests\journeys.spec.ts:14:16

    attachment #1: screenshot (image/png) ──────────────────────────────────────────────────────────
    apps\web\test-results\journeys-malformed-at-375\test-failed-1.png
    ────────────────────────────────────────────────────────────────────────────────────────────────

    Error Context: apps\web\test-results\journeys-malformed-at-375\error-context.md

    attachment #3: trace (application/zip) ─────────────────────────────────────────────────────────
    apps\web\test-results\journeys-malformed-at-375\trace.zip
    Usage:

        npx playwright show-trace apps\web\test-results\journeys-malformed-at-375\trace.zip

    ────────────────────────────────────────────────────────────────────────────────────────────────

  30) apps\web\tests\journeys.spec.ts:7:3 › success at 390 ─────────────────────────────────────────

    Error: page.goto: net::ERR_CONNECTION_REFUSED at http://127.0.0.1:5174/
    Call log:
      - navigating to "http://127.0.0.1:5174/", waiting until "load"


      12 |     page.on('pageerror', e => errors.push(e.message));
      13 |     page.on('console', m => { if (m.type() === 'error' && !m.text().includes('Failed to load resource')) errors.push(m.text()); });
    > 14 |     await page.goto('/');
         |                ^
      15 |     const submit = page.getByRole('button', { name: 'Compile one fixture plan' });
      16 |     await expect(submit).toBeEnabled();
      17 |     if (path === 'budget') await page.getByLabel('Budget in INR', { exact: true }).fill('0');
        at C:\code_shit\Hackathon\ground-rule-build-pack\ground-rule-build-pack\apps\web\tests\journeys.spec.ts:14:16

    attachment #1: screenshot (image/png) ──────────────────────────────────────────────────────────
    apps\web\test-results\journeys-success-at-390\test-failed-1.png
    ────────────────────────────────────────────────────────────────────────────────────────────────

    Error Context: apps\web\test-results\journeys-success-at-390\error-context.md

    attachment #3: trace (application/zip) ─────────────────────────────────────────────────────────
    apps\web\test-results\journeys-success-at-390\trace.zip
    Usage:

        npx playwright show-trace apps\web\test-results\journeys-success-at-390\trace.zip

    ────────────────────────────────────────────────────────────────────────────────────────────────

  31) apps\web\tests\journeys.spec.ts:7:3 › budget at 390 ──────────────────────────────────────────

    Error: page.goto: net::ERR_CONNECTION_REFUSED at http://127.0.0.1:5174/
    Call log:
      - navigating to "http://127.0.0.1:5174/", waiting until "load"


      12 |     page.on('pageerror', e => errors.push(e.message));
      13 |     page.on('console', m => { if (m.type() === 'error' && !m.text().includes('Failed to load resource')) errors.push(m.text()); });
    > 14 |     await page.goto('/');
         |                ^
      15 |     const submit = page.getByRole('button', { name: 'Compile one fixture plan' });
      16 |     await expect(submit).toBeEnabled();
      17 |     if (path === 'budget') await page.getByLabel('Budget in INR', { exact: true }).fill('0');
        at C:\code_shit\Hackathon\ground-rule-build-pack\ground-rule-build-pack\apps\web\tests\journeys.spec.ts:14:16

    attachment #1: screenshot (image/png) ──────────────────────────────────────────────────────────
    apps\web\test-results\journeys-budget-at-390\test-failed-1.png
    ────────────────────────────────────────────────────────────────────────────────────────────────

    Error Context: apps\web\test-results\journeys-budget-at-390\error-context.md

    attachment #3: trace (application/zip) ─────────────────────────────────────────────────────────
    apps\web\test-results\journeys-budget-at-390\trace.zip
    Usage:

        npx playwright show-trace apps\web\test-results\journeys-budget-at-390\trace.zip

    ────────────────────────────────────────────────────────────────────────────────────────────────

  32) apps\web\tests\journeys.spec.ts:7:3 › currency at 390 ────────────────────────────────────────

    Error: page.goto: net::ERR_CONNECTION_REFUSED at http://127.0.0.1:5174/
    Call log:
      - navigating to "http://127.0.0.1:5174/", waiting until "load"


      12 |     page.on('pageerror', e => errors.push(e.message));
      13 |     page.on('console', m => { if (m.type() === 'error' && !m.text().includes('Failed to load resource')) errors.push(m.text()); });
    > 14 |     await page.goto('/');
         |                ^
      15 |     const submit = page.getByRole('button', { name: 'Compile one fixture plan' });
      16 |     await expect(submit).toBeEnabled();
      17 |     if (path === 'budget') await page.getByLabel('Budget in INR', { exact: true }).fill('0');
        at C:\code_shit\Hackathon\ground-rule-build-pack\ground-rule-build-pack\apps\web\tests\journeys.spec.ts:14:16

    attachment #1: screenshot (image/png) ──────────────────────────────────────────────────────────
    apps\web\test-results\journeys-currency-at-390\test-failed-1.png
    ────────────────────────────────────────────────────────────────────────────────────────────────

    Error Context: apps\web\test-results\journeys-currency-at-390\error-context.md

    attachment #3: trace (application/zip) ─────────────────────────────────────────────────────────
    apps\web\test-results\journeys-currency-at-390\trace.zip
    Usage:

        npx playwright show-trace apps\web\test-results\journeys-currency-at-390\trace.zip

    ────────────────────────────────────────────────────────────────────────────────────────────────

  33) apps\web\tests\journeys.spec.ts:7:3 › walking at 390 ─────────────────────────────────────────

    Error: page.goto: net::ERR_CONNECTION_REFUSED at http://127.0.0.1:5174/
    Call log:
      - navigating to "http://127.0.0.1:5174/", waiting until "load"


      12 |     page.on('pageerror', e => errors.push(e.message));
      13 |     page.on('console', m => { if (m.type() === 'error' && !m.text().includes('Failed to load resource')) errors.push(m.text()); });
    > 14 |     await page.goto('/');
         |                ^
      15 |     const submit = page.getByRole('button', { name: 'Compile one fixture plan' });
      16 |     await expect(submit).toBeEnabled();
      17 |     if (path === 'budget') await page.getByLabel('Budget in INR', { exact: true }).fill('0');
        at C:\code_shit\Hackathon\ground-rule-build-pack\ground-rule-build-pack\apps\web\tests\journeys.spec.ts:14:16

    attachment #1: screenshot (image/png) ──────────────────────────────────────────────────────────
    apps\web\test-results\journeys-walking-at-390\test-failed-1.png
    ────────────────────────────────────────────────────────────────────────────────────────────────

    Error Context: apps\web\test-results\journeys-walking-at-390\error-context.md

    attachment #3: trace (application/zip) ─────────────────────────────────────────────────────────
    apps\web\test-results\journeys-walking-at-390\trace.zip
    Usage:

        npx playwright show-trace apps\web\test-results\journeys-walking-at-390\trace.zip

    ────────────────────────────────────────────────────────────────────────────────────────────────

  34) apps\web\tests\journeys.spec.ts:7:3 › duration at 390 ────────────────────────────────────────

    Error: page.goto: net::ERR_CONNECTION_REFUSED at http://127.0.0.1:5174/
    Call log:
      - navigating to "http://127.0.0.1:5174/", waiting until "load"


      12 |     page.on('pageerror', e => errors.push(e.message));
      13 |     page.on('console', m => { if (m.type() === 'error' && !m.text().includes('Failed to load resource')) errors.push(m.text()); });
    > 14 |     await page.goto('/');
         |                ^
      15 |     const submit = page.getByRole('button', { name: 'Compile one fixture plan' });
      16 |     await expect(submit).toBeEnabled();
      17 |     if (path === 'budget') await page.getByLabel('Budget in INR', { exact: true }).fill('0');
        at C:\code_shit\Hackathon\ground-rule-build-pack\ground-rule-build-pack\apps\web\tests\journeys.spec.ts:14:16

    attachment #1: screenshot (image/png) ──────────────────────────────────────────────────────────
    apps\web\test-results\journeys-duration-at-390\test-failed-1.png
    ────────────────────────────────────────────────────────────────────────────────────────────────

    Error Context: apps\web\test-results\journeys-duration-at-390\error-context.md

    attachment #3: trace (application/zip) ─────────────────────────────────────────────────────────
    apps\web\test-results\journeys-duration-at-390\trace.zip
    Usage:

        npx playwright show-trace apps\web\test-results\journeys-duration-at-390\trace.zip

    ────────────────────────────────────────────────────────────────────────────────────────────────

  35) apps\web\tests\journeys.spec.ts:7:3 › geodenied at 390 ───────────────────────────────────────

    Error: page.goto: net::ERR_CONNECTION_REFUSED at http://127.0.0.1:5174/
    Call log:
      - navigating to "http://127.0.0.1:5174/", waiting until "load"


      12 |     page.on('pageerror', e => errors.push(e.message));
      13 |     page.on('console', m => { if (m.type() === 'error' && !m.text().includes('Failed to load resource')) errors.push(m.text()); });
    > 14 |     await page.goto('/');
         |                ^
      15 |     const submit = page.getByRole('button', { name: 'Compile one fixture plan' });
      16 |     await expect(submit).toBeEnabled();
      17 |     if (path === 'budget') await page.getByLabel('Budget in INR', { exact: true }).fill('0');
        at C:\code_shit\Hackathon\ground-rule-build-pack\ground-rule-build-pack\apps\web\tests\journeys.spec.ts:14:16

    attachment #1: screenshot (image/png) ──────────────────────────────────────────────────────────
    apps\web\test-results\journeys-geodenied-at-390\test-failed-1.png
    ────────────────────────────────────────────────────────────────────────────────────────────────

    Error Context: apps\web\test-results\journeys-geodenied-at-390\error-context.md

    attachment #3: trace (application/zip) ─────────────────────────────────────────────────────────
    apps\web\test-results\journeys-geodenied-at-390\trace.zip
    Usage:

        npx playwright show-trace apps\web\test-results\journeys-geodenied-at-390\trace.zip

    ────────────────────────────────────────────────────────────────────────────────────────────────

  36) apps\web\tests\journeys.spec.ts:7:3 › coordinates at 390 ─────────────────────────────────────

    Error: page.goto: net::ERR_CONNECTION_REFUSED at http://127.0.0.1:5174/
    Call log:
      - navigating to "http://127.0.0.1:5174/", waiting until "load"


      12 |     page.on('pageerror', e => errors.push(e.message));
      13 |     page.on('console', m => { if (m.type() === 'error' && !m.text().includes('Failed to load resource')) errors.push(m.text()); });
    > 14 |     await page.goto('/');
         |                ^
      15 |     const submit = page.getByRole('button', { name: 'Compile one fixture plan' });
      16 |     await expect(submit).toBeEnabled();
      17 |     if (path === 'budget') await page.getByLabel('Budget in INR', { exact: true }).fill('0');
        at C:\code_shit\Hackathon\ground-rule-build-pack\ground-rule-build-pack\apps\web\tests\journeys.spec.ts:14:16

    attachment #1: screenshot (image/png) ──────────────────────────────────────────────────────────
    apps\web\test-results\journeys-coordinates-at-390\test-failed-1.png
    ────────────────────────────────────────────────────────────────────────────────────────────────

    Error Context: apps\web\test-results\journeys-coordinates-at-390\error-context.md

    attachment #3: trace (application/zip) ─────────────────────────────────────────────────────────
    apps\web\test-results\journeys-coordinates-at-390\trace.zip
    Usage:

        npx playwright show-trace apps\web\test-results\journeys-coordinates-at-390\trace.zip

    ────────────────────────────────────────────────────────────────────────────────────────────────

  37) apps\web\tests\journeys.spec.ts:7:3 › cancel at 390 ──────────────────────────────────────────

    Error: page.goto: net::ERR_CONNECTION_REFUSED at http://127.0.0.1:5174/
    Call log:
      - navigating to "http://127.0.0.1:5174/", waiting until "load"


      12 |     page.on('pageerror', e => errors.push(e.message));
      13 |     page.on('console', m => { if (m.type() === 'error' && !m.text().includes('Failed to load resource')) errors.push(m.text()); });
    > 14 |     await page.goto('/');
         |                ^
      15 |     const submit = page.getByRole('button', { name: 'Compile one fixture plan' });
      16 |     await expect(submit).toBeEnabled();
      17 |     if (path === 'budget') await page.getByLabel('Budget in INR', { exact: true }).fill('0');
        at C:\code_shit\Hackathon\ground-rule-build-pack\ground-rule-build-pack\apps\web\tests\journeys.spec.ts:14:16

    attachment #1: screenshot (image/png) ──────────────────────────────────────────────────────────
    apps\web\test-results\journeys-cancel-at-390\test-failed-1.png
    ────────────────────────────────────────────────────────────────────────────────────────────────

    Error Context: apps\web\test-results\journeys-cancel-at-390\error-context.md

    attachment #3: trace (application/zip) ─────────────────────────────────────────────────────────
    apps\web\test-results\journeys-cancel-at-390\trace.zip
    Usage:

        npx playwright show-trace apps\web\test-results\journeys-cancel-at-390\trace.zip

    ────────────────────────────────────────────────────────────────────────────────────────────────

  38) apps\web\tests\journeys.spec.ts:7:3 › offline at 390 ─────────────────────────────────────────

    Error: page.goto: net::ERR_CONNECTION_REFUSED at http://127.0.0.1:5174/
    Call log:
      - navigating to "http://127.0.0.1:5174/", waiting until "load"


      12 |     page.on('pageerror', e => errors.push(e.message));
      13 |     page.on('console', m => { if (m.type() === 'error' && !m.text().includes('Failed to load resource')) errors.push(m.text()); });
    > 14 |     await page.goto('/');
         |                ^
      15 |     const submit = page.getByRole('button', { name: 'Compile one fixture plan' });
      16 |     await expect(submit).toBeEnabled();
      17 |     if (path === 'budget') await page.getByLabel('Budget in INR', { exact: true }).fill('0');
        at C:\code_shit\Hackathon\ground-rule-build-pack\ground-rule-build-pack\apps\web\tests\journeys.spec.ts:14:16

    attachment #1: screenshot (image/png) ──────────────────────────────────────────────────────────
    apps\web\test-results\journeys-offline-at-390\test-failed-1.png
    ────────────────────────────────────────────────────────────────────────────────────────────────

    Error Context: apps\web\test-results\journeys-offline-at-390\error-context.md

    attachment #3: trace (application/zip) ─────────────────────────────────────────────────────────
    apps\web\test-results\journeys-offline-at-390\trace.zip
    Usage:

        npx playwright show-trace apps\web\test-results\journeys-offline-at-390\trace.zip

    ────────────────────────────────────────────────────────────────────────────────────────────────

  39) apps\web\tests\journeys.spec.ts:7:3 › malformed at 390 ───────────────────────────────────────

    Error: page.goto: net::ERR_CONNECTION_REFUSED at http://127.0.0.1:5174/
    Call log:
      - navigating to "http://127.0.0.1:5174/", waiting until "load"


      12 |     page.on('pageerror', e => errors.push(e.message));
      13 |     page.on('console', m => { if (m.type() === 'error' && !m.text().includes('Failed to load resource')) errors.push(m.text()); });
    > 14 |     await page.goto('/');
         |                ^
      15 |     const submit = page.getByRole('button', { name: 'Compile one fixture plan' });
      16 |     await expect(submit).toBeEnabled();
      17 |     if (path === 'budget') await page.getByLabel('Budget in INR', { exact: true }).fill('0');
        at C:\code_shit\Hackathon\ground-rule-build-pack\ground-rule-build-pack\apps\web\tests\journeys.spec.ts:14:16

    attachment #1: screenshot (image/png) ──────────────────────────────────────────────────────────
    apps\web\test-results\journeys-malformed-at-390\test-failed-1.png
    ────────────────────────────────────────────────────────────────────────────────────────────────

    Error Context: apps\web\test-results\journeys-malformed-at-390\error-context.md

    attachment #3: trace (application/zip) ─────────────────────────────────────────────────────────
    apps\web\test-results\journeys-malformed-at-390\trace.zip
    Usage:

        npx playwright show-trace apps\web\test-results\journeys-malformed-at-390\trace.zip

    ────────────────────────────────────────────────────────────────────────────────────────────────

  40) apps\web\tests\journeys.spec.ts:7:3 › success at 768 ─────────────────────────────────────────

    Error: page.goto: net::ERR_CONNECTION_REFUSED at http://127.0.0.1:5174/
    Call log:
      - navigating to "http://127.0.0.1:5174/", waiting until "load"


      12 |     page.on('pageerror', e => errors.push(e.message));
      13 |     page.on('console', m => { if (m.type() === 'error' && !m.text().includes('Failed to load resource')) errors.push(m.text()); });
    > 14 |     await page.goto('/');
         |                ^
      15 |     const submit = page.getByRole('button', { name: 'Compile one fixture plan' });
      16 |     await expect(submit).toBeEnabled();
      17 |     if (path === 'budget') await page.getByLabel('Budget in INR', { exact: true }).fill('0');
        at C:\code_shit\Hackathon\ground-rule-build-pack\ground-rule-build-pack\apps\web\tests\journeys.spec.ts:14:16

    attachment #1: screenshot (image/png) ──────────────────────────────────────────────────────────
    apps\web\test-results\journeys-success-at-768\test-failed-1.png
    ────────────────────────────────────────────────────────────────────────────────────────────────

    Error Context: apps\web\test-results\journeys-success-at-768\error-context.md

    attachment #3: trace (application/zip) ─────────────────────────────────────────────────────────
    apps\web\test-results\journeys-success-at-768\trace.zip
    Usage:

        npx playwright show-trace apps\web\test-results\journeys-success-at-768\trace.zip

    ────────────────────────────────────────────────────────────────────────────────────────────────

  41) apps\web\tests\journeys.spec.ts:7:3 › budget at 768 ──────────────────────────────────────────

    Error: page.goto: net::ERR_CONNECTION_REFUSED at http://127.0.0.1:5174/
    Call log:
      - navigating to "http://127.0.0.1:5174/", waiting until "load"


      12 |     page.on('pageerror', e => errors.push(e.message));
      13 |     page.on('console', m => { if (m.type() === 'error' && !m.text().includes('Failed to load resource')) errors.push(m.text()); });
    > 14 |     await page.goto('/');
         |                ^
      15 |     const submit = page.getByRole('button', { name: 'Compile one fixture plan' });
      16 |     await expect(submit).toBeEnabled();
      17 |     if (path === 'budget') await page.getByLabel('Budget in INR', { exact: true }).fill('0');
        at C:\code_shit\Hackathon\ground-rule-build-pack\ground-rule-build-pack\apps\web\tests\journeys.spec.ts:14:16

    attachment #1: screenshot (image/png) ──────────────────────────────────────────────────────────
    apps\web\test-results\journeys-budget-at-768\test-failed-1.png
    ────────────────────────────────────────────────────────────────────────────────────────────────

    Error Context: apps\web\test-results\journeys-budget-at-768\error-context.md

    attachment #3: trace (application/zip) ─────────────────────────────────────────────────────────
    apps\web\test-results\journeys-budget-at-768\trace.zip
    Usage:

        npx playwright show-trace apps\web\test-results\journeys-budget-at-768\trace.zip

    ────────────────────────────────────────────────────────────────────────────────────────────────

  42) apps\web\tests\journeys.spec.ts:7:3 › currency at 768 ────────────────────────────────────────

    Error: page.goto: net::ERR_CONNECTION_REFUSED at http://127.0.0.1:5174/
    Call log:
      - navigating to "http://127.0.0.1:5174/", waiting until "load"


      12 |     page.on('pageerror', e => errors.push(e.message));
      13 |     page.on('console', m => { if (m.type() === 'error' && !m.text().includes('Failed to load resource')) errors.push(m.text()); });
    > 14 |     await page.goto('/');
         |                ^
      15 |     const submit = page.getByRole('button', { name: 'Compile one fixture plan' });
      16 |     await expect(submit).toBeEnabled();
      17 |     if (path === 'budget') await page.getByLabel('Budget in INR', { exact: true }).fill('0');
        at C:\code_shit\Hackathon\ground-rule-build-pack\ground-rule-build-pack\apps\web\tests\journeys.spec.ts:14:16

    attachment #1: screenshot (image/png) ──────────────────────────────────────────────────────────
    apps\web\test-results\journeys-currency-at-768\test-failed-1.png
    ────────────────────────────────────────────────────────────────────────────────────────────────

    Error Context: apps\web\test-results\journeys-currency-at-768\error-context.md

    attachment #3: trace (application/zip) ─────────────────────────────────────────────────────────
    apps\web\test-results\journeys-currency-at-768\trace.zip
    Usage:

        npx playwright show-trace apps\web\test-results\journeys-currency-at-768\trace.zip

    ────────────────────────────────────────────────────────────────────────────────────────────────

  43) apps\web\tests\journeys.spec.ts:7:3 › walking at 768 ─────────────────────────────────────────

    Error: page.goto: net::ERR_CONNECTION_REFUSED at http://127.0.0.1:5174/
    Call log:
      - navigating to "http://127.0.0.1:5174/", waiting until "load"


      12 |     page.on('pageerror', e => errors.push(e.message));
      13 |     page.on('console', m => { if (m.type() === 'error' && !m.text().includes('Failed to load resource')) errors.push(m.text()); });
    > 14 |     await page.goto('/');
         |                ^
      15 |     const submit = page.getByRole('button', { name: 'Compile one fixture plan' });
      16 |     await expect(submit).toBeEnabled();
      17 |     if (path === 'budget') await page.getByLabel('Budget in INR', { exact: true }).fill('0');
        at C:\code_shit\Hackathon\ground-rule-build-pack\ground-rule-build-pack\apps\web\tests\journeys.spec.ts:14:16

    attachment #1: screenshot (image/png) ──────────────────────────────────────────────────────────
    apps\web\test-results\journeys-walking-at-768\test-failed-1.png
    ────────────────────────────────────────────────────────────────────────────────────────────────

    Error Context: apps\web\test-results\journeys-walking-at-768\error-context.md

    attachment #3: trace (application/zip) ─────────────────────────────────────────────────────────
    apps\web\test-results\journeys-walking-at-768\trace.zip
    Usage:

        npx playwright show-trace apps\web\test-results\journeys-walking-at-768\trace.zip

    ────────────────────────────────────────────────────────────────────────────────────────────────

  44) apps\web\tests\journeys.spec.ts:7:3 › duration at 768 ────────────────────────────────────────

    Error: page.goto: net::ERR_CONNECTION_REFUSED at http://127.0.0.1:5174/
    Call log:
      - navigating to "http://127.0.0.1:5174/", waiting until "load"


      12 |     page.on('pageerror', e => errors.push(e.message));
      13 |     page.on('console', m => { if (m.type() === 'error' && !m.text().includes('Failed to load resource')) errors.push(m.text()); });
    > 14 |     await page.goto('/');
         |                ^
      15 |     const submit = page.getByRole('button', { name: 'Compile one fixture plan' });
      16 |     await expect(submit).toBeEnabled();
      17 |     if (path === 'budget') await page.getByLabel('Budget in INR', { exact: true }).fill('0');
        at C:\code_shit\Hackathon\ground-rule-build-pack\ground-rule-build-pack\apps\web\tests\journeys.spec.ts:14:16

    attachment #1: screenshot (image/png) ──────────────────────────────────────────────────────────
    apps\web\test-results\journeys-duration-at-768\test-failed-1.png
    ────────────────────────────────────────────────────────────────────────────────────────────────

    Error Context: apps\web\test-results\journeys-duration-at-768\error-context.md

    attachment #3: trace (application/zip) ─────────────────────────────────────────────────────────
    apps\web\test-results\journeys-duration-at-768\trace.zip
    Usage:

        npx playwright show-trace apps\web\test-results\journeys-duration-at-768\trace.zip

    ────────────────────────────────────────────────────────────────────────────────────────────────

  45) apps\web\tests\journeys.spec.ts:7:3 › geodenied at 768 ───────────────────────────────────────

    Error: page.goto: net::ERR_CONNECTION_REFUSED at http://127.0.0.1:5174/
    Call log:
      - navigating to "http://127.0.0.1:5174/", waiting until "load"


      12 |     page.on('pageerror', e => errors.push(e.message));
      13 |     page.on('console', m => { if (m.type() === 'error' && !m.text().includes('Failed to load resource')) errors.push(m.text()); });
    > 14 |     await page.goto('/');
         |                ^
      15 |     const submit = page.getByRole('button', { name: 'Compile one fixture plan' });
      16 |     await expect(submit).toBeEnabled();
      17 |     if (path === 'budget') await page.getByLabel('Budget in INR', { exact: true }).fill('0');
        at C:\code_shit\Hackathon\ground-rule-build-pack\ground-rule-build-pack\apps\web\tests\journeys.spec.ts:14:16

    attachment #1: screenshot (image/png) ──────────────────────────────────────────────────────────
    apps\web\test-results\journeys-geodenied-at-768\test-failed-1.png
    ────────────────────────────────────────────────────────────────────────────────────────────────

    Error Context: apps\web\test-results\journeys-geodenied-at-768\error-context.md

    attachment #3: trace (application/zip) ─────────────────────────────────────────────────────────
    apps\web\test-results\journeys-geodenied-at-768\trace.zip
    Usage:

        npx playwright show-trace apps\web\test-results\journeys-geodenied-at-768\trace.zip

    ────────────────────────────────────────────────────────────────────────────────────────────────

  46) apps\web\tests\journeys.spec.ts:7:3 › coordinates at 768 ─────────────────────────────────────

    Error: page.goto: net::ERR_CONNECTION_REFUSED at http://127.0.0.1:5174/
    Call log:
      - navigating to "http://127.0.0.1:5174/", waiting until "load"


      12 |     page.on('pageerror', e => errors.push(e.message));
      13 |     page.on('console', m => { if (m.type() === 'error' && !m.text().includes('Failed to load resource')) errors.push(m.text()); });
    > 14 |     await page.goto('/');
         |                ^
      15 |     const submit = page.getByRole('button', { name: 'Compile one fixture plan' });
      16 |     await expect(submit).toBeEnabled();
      17 |     if (path === 'budget') await page.getByLabel('Budget in INR', { exact: true }).fill('0');
        at C:\code_shit\Hackathon\ground-rule-build-pack\ground-rule-build-pack\apps\web\tests\journeys.spec.ts:14:16

    attachment #1: screenshot (image/png) ──────────────────────────────────────────────────────────
    apps\web\test-results\journeys-coordinates-at-768\test-failed-1.png
    ────────────────────────────────────────────────────────────────────────────────────────────────

    Error Context: apps\web\test-results\journeys-coordinates-at-768\error-context.md

    attachment #3: trace (application/zip) ─────────────────────────────────────────────────────────
    apps\web\test-results\journeys-coordinates-at-768\trace.zip
    Usage:

        npx playwright show-trace apps\web\test-results\journeys-coordinates-at-768\trace.zip

    ────────────────────────────────────────────────────────────────────────────────────────────────

  47) apps\web\tests\journeys.spec.ts:7:3 › cancel at 768 ──────────────────────────────────────────

    Error: page.goto: net::ERR_CONNECTION_REFUSED at http://127.0.0.1:5174/
    Call log:
      - navigating to "http://127.0.0.1:5174/", waiting until "load"


      12 |     page.on('pageerror', e => errors.push(e.message));
      13 |     page.on('console', m => { if (m.type() === 'error' && !m.text().includes('Failed to load resource')) errors.push(m.text()); });
    > 14 |     await page.goto('/');
         |                ^
      15 |     const submit = page.getByRole('button', { name: 'Compile one fixture plan' });
      16 |     await expect(submit).toBeEnabled();
      17 |     if (path === 'budget') await page.getByLabel('Budget in INR', { exact: true }).fill('0');
        at C:\code_shit\Hackathon\ground-rule-build-pack\ground-rule-build-pack\apps\web\tests\journeys.spec.ts:14:16

    attachment #1: screenshot (image/png) ──────────────────────────────────────────────────────────
    apps\web\test-results\journeys-cancel-at-768\test-failed-1.png
    ────────────────────────────────────────────────────────────────────────────────────────────────

    Error Context: apps\web\test-results\journeys-cancel-at-768\error-context.md

    attachment #3: trace (application/zip) ─────────────────────────────────────────────────────────
    apps\web\test-results\journeys-cancel-at-768\trace.zip
    Usage:

        npx playwright show-trace apps\web\test-results\journeys-cancel-at-768\trace.zip

    ────────────────────────────────────────────────────────────────────────────────────────────────

  48) apps\web\tests\journeys.spec.ts:7:3 › offline at 768 ─────────────────────────────────────────

    Error: page.goto: net::ERR_CONNECTION_REFUSED at http://127.0.0.1:5174/
    Call log:
      - navigating to "http://127.0.0.1:5174/", waiting until "load"


      12 |     page.on('pageerror', e => errors.push(e.message));
      13 |     page.on('console', m => { if (m.type() === 'error' && !m.text().includes('Failed to load resource')) errors.push(m.text()); });
    > 14 |     await page.goto('/');
         |                ^
      15 |     const submit = page.getByRole('button', { name: 'Compile one fixture plan' });
      16 |     await expect(submit).toBeEnabled();
      17 |     if (path === 'budget') await page.getByLabel('Budget in INR', { exact: true }).fill('0');
        at C:\code_shit\Hackathon\ground-rule-build-pack\ground-rule-build-pack\apps\web\tests\journeys.spec.ts:14:16

    attachment #1: screenshot (image/png) ──────────────────────────────────────────────────────────
    apps\web\test-results\journeys-offline-at-768\test-failed-1.png
    ────────────────────────────────────────────────────────────────────────────────────────────────

    Error Context: apps\web\test-results\journeys-offline-at-768\error-context.md

    attachment #3: trace (application/zip) ─────────────────────────────────────────────────────────
    apps\web\test-results\journeys-offline-at-768\trace.zip
    Usage:

        npx playwright show-trace apps\web\test-results\journeys-offline-at-768\trace.zip

    ────────────────────────────────────────────────────────────────────────────────────────────────

  49) apps\web\tests\journeys.spec.ts:7:3 › malformed at 768 ───────────────────────────────────────

    Error: page.goto: net::ERR_CONNECTION_REFUSED at http://127.0.0.1:5174/
    Call log:
      - navigating to "http://127.0.0.1:5174/", waiting until "load"


      12 |     page.on('pageerror', e => errors.push(e.message));
      13 |     page.on('console', m => { if (m.type() === 'error' && !m.text().includes('Failed to load resource')) errors.push(m.text()); });
    > 14 |     await page.goto('/');
         |                ^
      15 |     const submit = page.getByRole('button', { name: 'Compile one fixture plan' });
      16 |     await expect(submit).toBeEnabled();
      17 |     if (path === 'budget') await page.getByLabel('Budget in INR', { exact: true }).fill('0');
        at C:\code_shit\Hackathon\ground-rule-build-pack\ground-rule-build-pack\apps\web\tests\journeys.spec.ts:14:16

    attachment #1: screenshot (image/png) ──────────────────────────────────────────────────────────
    apps\web\test-results\journeys-malformed-at-768\test-failed-1.png
    ────────────────────────────────────────────────────────────────────────────────────────────────

    Error Context: apps\web\test-results\journeys-malformed-at-768\error-context.md

    attachment #3: trace (application/zip) ─────────────────────────────────────────────────────────
    apps\web\test-results\journeys-malformed-at-768\trace.zip
    Usage:

        npx playwright show-trace apps\web\test-results\journeys-malformed-at-768\trace.zip

    ────────────────────────────────────────────────────────────────────────────────────────────────

  50) apps\web\tests\journeys.spec.ts:7:3 › success at 1024 ────────────────────────────────────────

    Error: page.goto: net::ERR_CONNECTION_REFUSED at http://127.0.0.1:5174/
    Call log:
      - navigating to "http://127.0.0.1:5174/", waiting until "load"


      12 |     page.on('pageerror', e => errors.push(e.message));
      13 |     page.on('console', m => { if (m.type() === 'error' && !m.text().includes('Failed to load resource')) errors.push(m.text()); });
    > 14 |     await page.goto('/');
         |                ^
      15 |     const submit = page.getByRole('button', { name: 'Compile one fixture plan' });
      16 |     await expect(submit).toBeEnabled();
      17 |     if (path === 'budget') await page.getByLabel('Budget in INR', { exact: true }).fill('0');
        at C:\code_shit\Hackathon\ground-rule-build-pack\ground-rule-build-pack\apps\web\tests\journeys.spec.ts:14:16

    attachment #1: screenshot (image/png) ──────────────────────────────────────────────────────────
    apps\web\test-results\journeys-success-at-1024\test-failed-1.png
    ────────────────────────────────────────────────────────────────────────────────────────────────

    Error Context: apps\web\test-results\journeys-success-at-1024\error-context.md

    attachment #3: trace (application/zip) ─────────────────────────────────────────────────────────
    apps\web\test-results\journeys-success-at-1024\trace.zip
    Usage:

        npx playwright show-trace apps\web\test-results\journeys-success-at-1024\trace.zip

    ────────────────────────────────────────────────────────────────────────────────────────────────

  51) apps\web\tests\journeys.spec.ts:7:3 › budget at 1024 ─────────────────────────────────────────

    Error: page.goto: net::ERR_CONNECTION_REFUSED at http://127.0.0.1:5174/
    Call log:
      - navigating to "http://127.0.0.1:5174/", waiting until "load"


      12 |     page.on('pageerror', e => errors.push(e.message));
      13 |     page.on('console', m => { if (m.type() === 'error' && !m.text().includes('Failed to load resource')) errors.push(m.text()); });
    > 14 |     await page.goto('/');
         |                ^
      15 |     const submit = page.getByRole('button', { name: 'Compile one fixture plan' });
      16 |     await expect(submit).toBeEnabled();
      17 |     if (path === 'budget') await page.getByLabel('Budget in INR', { exact: true }).fill('0');
        at C:\code_shit\Hackathon\ground-rule-build-pack\ground-rule-build-pack\apps\web\tests\journeys.spec.ts:14:16

    attachment #1: screenshot (image/png) ──────────────────────────────────────────────────────────
    apps\web\test-results\journeys-budget-at-1024\test-failed-1.png
    ────────────────────────────────────────────────────────────────────────────────────────────────

    Error Context: apps\web\test-results\journeys-budget-at-1024\error-context.md

    attachment #3: trace (application/zip) ─────────────────────────────────────────────────────────
    apps\web\test-results\journeys-budget-at-1024\trace.zip
    Usage:

        npx playwright show-trace apps\web\test-results\journeys-budget-at-1024\trace.zip

    ────────────────────────────────────────────────────────────────────────────────────────────────

  52) apps\web\tests\journeys.spec.ts:7:3 › currency at 1024 ───────────────────────────────────────

    Error: page.goto: net::ERR_CONNECTION_REFUSED at http://127.0.0.1:5174/
    Call log:
      - navigating to "http://127.0.0.1:5174/", waiting until "load"


      12 |     page.on('pageerror', e => errors.push(e.message));
      13 |     page.on('console', m => { if (m.type() === 'error' && !m.text().includes('Failed to load resource')) errors.push(m.text()); });
    > 14 |     await page.goto('/');
         |                ^
      15 |     const submit = page.getByRole('button', { name: 'Compile one fixture plan' });
      16 |     await expect(submit).toBeEnabled();
      17 |     if (path === 'budget') await page.getByLabel('Budget in INR', { exact: true }).fill('0');
        at C:\code_shit\Hackathon\ground-rule-build-pack\ground-rule-build-pack\apps\web\tests\journeys.spec.ts:14:16

    attachment #1: screenshot (image/png) ──────────────────────────────────────────────────────────
    apps\web\test-results\journeys-currency-at-1024\test-failed-1.png
    ────────────────────────────────────────────────────────────────────────────────────────────────

    Error Context: apps\web\test-results\journeys-currency-at-1024\error-context.md

    attachment #3: trace (application/zip) ─────────────────────────────────────────────────────────
    apps\web\test-results\journeys-currency-at-1024\trace.zip
    Usage:

        npx playwright show-trace apps\web\test-results\journeys-currency-at-1024\trace.zip

    ────────────────────────────────────────────────────────────────────────────────────────────────

  53) apps\web\tests\journeys.spec.ts:7:3 › walking at 1024 ────────────────────────────────────────

    Error: page.goto: net::ERR_CONNECTION_REFUSED at http://127.0.0.1:5174/
    Call log:
      - navigating to "http://127.0.0.1:5174/", waiting until "load"


      12 |     page.on('pageerror', e => errors.push(e.message));
      13 |     page.on('console', m => { if (m.type() === 'error' && !m.text().includes('Failed to load resource')) errors.push(m.text()); });
    > 14 |     await page.goto('/');
         |                ^
      15 |     const submit = page.getByRole('button', { name: 'Compile one fixture plan' });
      16 |     await expect(submit).toBeEnabled();
      17 |     if (path === 'budget') await page.getByLabel('Budget in INR', { exact: true }).fill('0');
        at C:\code_shit\Hackathon\ground-rule-build-pack\ground-rule-build-pack\apps\web\tests\journeys.spec.ts:14:16

    attachment #1: screenshot (image/png) ──────────────────────────────────────────────────────────
    apps\web\test-results\journeys-walking-at-1024\test-failed-1.png
    ────────────────────────────────────────────────────────────────────────────────────────────────

    Error Context: apps\web\test-results\journeys-walking-at-1024\error-context.md

    attachment #3: trace (application/zip) ─────────────────────────────────────────────────────────
    apps\web\test-results\journeys-walking-at-1024\trace.zip
    Usage:

        npx playwright show-trace apps\web\test-results\journeys-walking-at-1024\trace.zip

    ────────────────────────────────────────────────────────────────────────────────────────────────

  54) apps\web\tests\journeys.spec.ts:7:3 › duration at 1024 ───────────────────────────────────────

    Error: page.goto: net::ERR_CONNECTION_REFUSED at http://127.0.0.1:5174/
    Call log:
      - navigating to "http://127.0.0.1:5174/", waiting until "load"


      12 |     page.on('pageerror', e => errors.push(e.message));
      13 |     page.on('console', m => { if (m.type() === 'error' && !m.text().includes('Failed to load resource')) errors.push(m.text()); });
    > 14 |     await page.goto('/');
         |                ^
      15 |     const submit = page.getByRole('button', { name: 'Compile one fixture plan' });
      16 |     await expect(submit).toBeEnabled();
      17 |     if (path === 'budget') await page.getByLabel('Budget in INR', { exact: true }).fill('0');
        at C:\code_shit\Hackathon\ground-rule-build-pack\ground-rule-build-pack\apps\web\tests\journeys.spec.ts:14:16

    attachment #1: screenshot (image/png) ──────────────────────────────────────────────────────────
    apps\web\test-results\journeys-duration-at-1024\test-failed-1.png
    ────────────────────────────────────────────────────────────────────────────────────────────────

    Error Context: apps\web\test-results\journeys-duration-at-1024\error-context.md

    attachment #3: trace (application/zip) ─────────────────────────────────────────────────────────
    apps\web\test-results\journeys-duration-at-1024\trace.zip
    Usage:

        npx playwright show-trace apps\web\test-results\journeys-duration-at-1024\trace.zip

    ────────────────────────────────────────────────────────────────────────────────────────────────

  55) apps\web\tests\journeys.spec.ts:7:3 › geodenied at 1024 ──────────────────────────────────────

    Error: page.goto: net::ERR_CONNECTION_REFUSED at http://127.0.0.1:5174/
    Call log:
      - navigating to "http://127.0.0.1:5174/", waiting until "load"


      12 |     page.on('pageerror', e => errors.push(e.message));
      13 |     page.on('console', m => { if (m.type() === 'error' && !m.text().includes('Failed to load resource')) errors.push(m.text()); });
    > 14 |     await page.goto('/');
         |                ^
      15 |     const submit = page.getByRole('button', { name: 'Compile one fixture plan' });
      16 |     await expect(submit).toBeEnabled();
      17 |     if (path === 'budget') await page.getByLabel('Budget in INR', { exact: true }).fill('0');
        at C:\code_shit\Hackathon\ground-rule-build-pack\ground-rule-build-pack\apps\web\tests\journeys.spec.ts:14:16

    attachment #1: screenshot (image/png) ──────────────────────────────────────────────────────────
    apps\web\test-results\journeys-geodenied-at-1024\test-failed-1.png
    ────────────────────────────────────────────────────────────────────────────────────────────────

    Error Context: apps\web\test-results\journeys-geodenied-at-1024\error-context.md

    attachment #3: trace (application/zip) ─────────────────────────────────────────────────────────
    apps\web\test-results\journeys-geodenied-at-1024\trace.zip
    Usage:

        npx playwright show-trace apps\web\test-results\journeys-geodenied-at-1024\trace.zip

    ────────────────────────────────────────────────────────────────────────────────────────────────

  56) apps\web\tests\journeys.spec.ts:7:3 › coordinates at 1024 ────────────────────────────────────

    Error: page.goto: net::ERR_CONNECTION_REFUSED at http://127.0.0.1:5174/
    Call log:
      - navigating to "http://127.0.0.1:5174/", waiting until "load"


      12 |     page.on('pageerror', e => errors.push(e.message));
      13 |     page.on('console', m => { if (m.type() === 'error' && !m.text().includes('Failed to load resource')) errors.push(m.text()); });
    > 14 |     await page.goto('/');
         |                ^
      15 |     const submit = page.getByRole('button', { name: 'Compile one fixture plan' });
      16 |     await expect(submit).toBeEnabled();
      17 |     if (path === 'budget') await page.getByLabel('Budget in INR', { exact: true }).fill('0');
        at C:\code_shit\Hackathon\ground-rule-build-pack\ground-rule-build-pack\apps\web\tests\journeys.spec.ts:14:16

    attachment #1: screenshot (image/png) ──────────────────────────────────────────────────────────
    apps\web\test-results\journeys-coordinates-at-1024\test-failed-1.png
    ────────────────────────────────────────────────────────────────────────────────────────────────

    Error Context: apps\web\test-results\journeys-coordinates-at-1024\error-context.md

    attachment #3: trace (application/zip) ─────────────────────────────────────────────────────────
    apps\web\test-results\journeys-coordinates-at-1024\trace.zip
    Usage:

        npx playwright show-trace apps\web\test-results\journeys-coordinates-at-1024\trace.zip

    ────────────────────────────────────────────────────────────────────────────────────────────────

  57) apps\web\tests\journeys.spec.ts:7:3 › cancel at 1024 ─────────────────────────────────────────

    Error: page.goto: net::ERR_CONNECTION_REFUSED at http://127.0.0.1:5174/
    Call log:
      - navigating to "http://127.0.0.1:5174/", waiting until "load"


      12 |     page.on('pageerror', e => errors.push(e.message));
      13 |     page.on('console', m => { if (m.type() === 'error' && !m.text().includes('Failed to load resource')) errors.push(m.text()); });
    > 14 |     await page.goto('/');
         |                ^
      15 |     const submit = page.getByRole('button', { name: 'Compile one fixture plan' });
      16 |     await expect(submit).toBeEnabled();
      17 |     if (path === 'budget') await page.getByLabel('Budget in INR', { exact: true }).fill('0');
        at C:\code_shit\Hackathon\ground-rule-build-pack\ground-rule-build-pack\apps\web\tests\journeys.spec.ts:14:16

    attachment #1: screenshot (image/png) ──────────────────────────────────────────────────────────
    apps\web\test-results\journeys-cancel-at-1024\test-failed-1.png
    ────────────────────────────────────────────────────────────────────────────────────────────────

    Error Context: apps\web\test-results\journeys-cancel-at-1024\error-context.md

    attachment #3: trace (application/zip) ─────────────────────────────────────────────────────────
    apps\web\test-results\journeys-cancel-at-1024\trace.zip
    Usage:

        npx playwright show-trace apps\web\test-results\journeys-cancel-at-1024\trace.zip

    ────────────────────────────────────────────────────────────────────────────────────────────────

  58) apps\web\tests\journeys.spec.ts:7:3 › offline at 1024 ────────────────────────────────────────

    Error: page.goto: net::ERR_CONNECTION_REFUSED at http://127.0.0.1:5174/
    Call log:
      - navigating to "http://127.0.0.1:5174/", waiting until "load"


      12 |     page.on('pageerror', e => errors.push(e.message));
      13 |     page.on('console', m => { if (m.type() === 'error' && !m.text().includes('Failed to load resource')) errors.push(m.text()); });
    > 14 |     await page.goto('/');
         |                ^
      15 |     const submit = page.getByRole('button', { name: 'Compile one fixture plan' });
      16 |     await expect(submit).toBeEnabled();
      17 |     if (path === 'budget') await page.getByLabel('Budget in INR', { exact: true }).fill('0');
        at C:\code_shit\Hackathon\ground-rule-build-pack\ground-rule-build-pack\apps\web\tests\journeys.spec.ts:14:16

    attachment #1: screenshot (image/png) ──────────────────────────────────────────────────────────
    apps\web\test-results\journeys-offline-at-1024\test-failed-1.png
    ────────────────────────────────────────────────────────────────────────────────────────────────

    Error Context: apps\web\test-results\journeys-offline-at-1024\error-context.md

    attachment #3: trace (application/zip) ─────────────────────────────────────────────────────────
    apps\web\test-results\journeys-offline-at-1024\trace.zip
    Usage:

        npx playwright show-trace apps\web\test-results\journeys-offline-at-1024\trace.zip

    ────────────────────────────────────────────────────────────────────────────────────────────────

  59) apps\web\tests\journeys.spec.ts:7:3 › malformed at 1024 ──────────────────────────────────────

    Error: page.goto: net::ERR_CONNECTION_REFUSED at http://127.0.0.1:5174/
    Call log:
      - navigating to "http://127.0.0.1:5174/", waiting until "load"


      12 |     page.on('pageerror', e => errors.push(e.message));
      13 |     page.on('console', m => { if (m.type() === 'error' && !m.text().includes('Failed to load resource')) errors.push(m.text()); });
    > 14 |     await page.goto('/');
         |                ^
      15 |     const submit = page.getByRole('button', { name: 'Compile one fixture plan' });
      16 |     await expect(submit).toBeEnabled();
      17 |     if (path === 'budget') await page.getByLabel('Budget in INR', { exact: true }).fill('0');
        at C:\code_shit\Hackathon\ground-rule-build-pack\ground-rule-build-pack\apps\web\tests\journeys.spec.ts:14:16

    attachment #1: screenshot (image/png) ──────────────────────────────────────────────────────────
    apps\web\test-results\journeys-malformed-at-1024\test-failed-1.png
    ────────────────────────────────────────────────────────────────────────────────────────────────

    Error Context: apps\web\test-results\journeys-malformed-at-1024\error-context.md

    attachment #3: trace (application/zip) ─────────────────────────────────────────────────────────
    apps\web\test-results\journeys-malformed-at-1024\trace.zip
    Usage:

        npx playwright show-trace apps\web\test-results\journeys-malformed-at-1024\trace.zip

    ────────────────────────────────────────────────────────────────────────────────────────────────

  60) apps\web\tests\journeys.spec.ts:7:3 › success at 1280 ────────────────────────────────────────

    Error: page.goto: net::ERR_CONNECTION_REFUSED at http://127.0.0.1:5174/
    Call log:
      - navigating to "http://127.0.0.1:5174/", waiting until "load"


      12 |     page.on('pageerror', e => errors.push(e.message));
      13 |     page.on('console', m => { if (m.type() === 'error' && !m.text().includes('Failed to load resource')) errors.push(m.text()); });
    > 14 |     await page.goto('/');
         |                ^
      15 |     const submit = page.getByRole('button', { name: 'Compile one fixture plan' });
      16 |     await expect(submit).toBeEnabled();
      17 |     if (path === 'budget') await page.getByLabel('Budget in INR', { exact: true }).fill('0');
        at C:\code_shit\Hackathon\ground-rule-build-pack\ground-rule-build-pack\apps\web\tests\journeys.spec.ts:14:16

    attachment #1: screenshot (image/png) ──────────────────────────────────────────────────────────
    apps\web\test-results\journeys-success-at-1280\test-failed-1.png
    ────────────────────────────────────────────────────────────────────────────────────────────────

    Error Context: apps\web\test-results\journeys-success-at-1280\error-context.md

    attachment #3: trace (application/zip) ─────────────────────────────────────────────────────────
    apps\web\test-results\journeys-success-at-1280\trace.zip
    Usage:

        npx playwright show-trace apps\web\test-results\journeys-success-at-1280\trace.zip

    ────────────────────────────────────────────────────────────────────────────────────────────────

  61) apps\web\tests\journeys.spec.ts:7:3 › budget at 1280 ─────────────────────────────────────────

    Error: page.goto: net::ERR_CONNECTION_REFUSED at http://127.0.0.1:5174/
    Call log:
      - navigating to "http://127.0.0.1:5174/", waiting until "load"


      12 |     page.on('pageerror', e => errors.push(e.message));
      13 |     page.on('console', m => { if (m.type() === 'error' && !m.text().includes('Failed to load resource')) errors.push(m.text()); });
    > 14 |     await page.goto('/');
         |                ^
      15 |     const submit = page.getByRole('button', { name: 'Compile one fixture plan' });
      16 |     await expect(submit).toBeEnabled();
      17 |     if (path === 'budget') await page.getByLabel('Budget in INR', { exact: true }).fill('0');
        at C:\code_shit\Hackathon\ground-rule-build-pack\ground-rule-build-pack\apps\web\tests\journeys.spec.ts:14:16

    attachment #1: screenshot (image/png) ──────────────────────────────────────────────────────────
    apps\web\test-results\journeys-budget-at-1280\test-failed-1.png
    ────────────────────────────────────────────────────────────────────────────────────────────────

    Error Context: apps\web\test-results\journeys-budget-at-1280\error-context.md

    attachment #3: trace (application/zip) ─────────────────────────────────────────────────────────
    apps\web\test-results\journeys-budget-at-1280\trace.zip
    Usage:

        npx playwright show-trace apps\web\test-results\journeys-budget-at-1280\trace.zip

    ────────────────────────────────────────────────────────────────────────────────────────────────

  62) apps\web\tests\journeys.spec.ts:7:3 › currency at 1280 ───────────────────────────────────────

    Error: page.goto: net::ERR_CONNECTION_REFUSED at http://127.0.0.1:5174/
    Call log:
      - navigating to "http://127.0.0.1:5174/", waiting until "load"


      12 |     page.on('pageerror', e => errors.push(e.message));
      13 |     page.on('console', m => { if (m.type() === 'error' && !m.text().includes('Failed to load resource')) errors.push(m.text()); });
    > 14 |     await page.goto('/');
         |                ^
      15 |     const submit = page.getByRole('button', { name: 'Compile one fixture plan' });
      16 |     await expect(submit).toBeEnabled();
      17 |     if (path === 'budget') await page.getByLabel('Budget in INR', { exact: true }).fill('0');
        at C:\code_shit\Hackathon\ground-rule-build-pack\ground-rule-build-pack\apps\web\tests\journeys.spec.ts:14:16

    attachment #1: screenshot (image/png) ──────────────────────────────────────────────────────────
    apps\web\test-results\journeys-currency-at-1280\test-failed-1.png
    ────────────────────────────────────────────────────────────────────────────────────────────────

    Error Context: apps\web\test-results\journeys-currency-at-1280\error-context.md

    attachment #3: trace (application/zip) ─────────────────────────────────────────────────────────
    apps\web\test-results\journeys-currency-at-1280\trace.zip
    Usage:

        npx playwright show-trace apps\web\test-results\journeys-currency-at-1280\trace.zip

    ────────────────────────────────────────────────────────────────────────────────────────────────

  63) apps\web\tests\journeys.spec.ts:7:3 › walking at 1280 ────────────────────────────────────────

    Error: page.goto: net::ERR_CONNECTION_REFUSED at http://127.0.0.1:5174/
    Call log:
      - navigating to "http://127.0.0.1:5174/", waiting until "load"


      12 |     page.on('pageerror', e => errors.push(e.message));
      13 |     page.on('console', m => { if (m.type() === 'error' && !m.text().includes('Failed to load resource')) errors.push(m.text()); });
    > 14 |     await page.goto('/');
         |                ^
      15 |     const submit = page.getByRole('button', { name: 'Compile one fixture plan' });
      16 |     await expect(submit).toBeEnabled();
      17 |     if (path === 'budget') await page.getByLabel('Budget in INR', { exact: true }).fill('0');
        at C:\code_shit\Hackathon\ground-rule-build-pack\ground-rule-build-pack\apps\web\tests\journeys.spec.ts:14:16

    attachment #1: screenshot (image/png) ──────────────────────────────────────────────────────────
    apps\web\test-results\journeys-walking-at-1280\test-failed-1.png
    ────────────────────────────────────────────────────────────────────────────────────────────────

    Error Context: apps\web\test-results\journeys-walking-at-1280\error-context.md

    attachment #3: trace (application/zip) ─────────────────────────────────────────────────────────
    apps\web\test-results\journeys-walking-at-1280\trace.zip
    Usage:

        npx playwright show-trace apps\web\test-results\journeys-walking-at-1280\trace.zip

    ────────────────────────────────────────────────────────────────────────────────────────────────

  64) apps\web\tests\journeys.spec.ts:7:3 › duration at 1280 ───────────────────────────────────────

    Error: page.goto: net::ERR_CONNECTION_REFUSED at http://127.0.0.1:5174/
    Call log:
      - navigating to "http://127.0.0.1:5174/", waiting until "load"


      12 |     page.on('pageerror', e => errors.push(e.message));
      13 |     page.on('console', m => { if (m.type() === 'error' && !m.text().includes('Failed to load resource')) errors.push(m.text()); });
    > 14 |     await page.goto('/');
         |                ^
      15 |     const submit = page.getByRole('button', { name: 'Compile one fixture plan' });
      16 |     await expect(submit).toBeEnabled();
      17 |     if (path === 'budget') await page.getByLabel('Budget in INR', { exact: true }).fill('0');
        at C:\code_shit\Hackathon\ground-rule-build-pack\ground-rule-build-pack\apps\web\tests\journeys.spec.ts:14:16

    attachment #1: screenshot (image/png) ──────────────────────────────────────────────────────────
    apps\web\test-results\journeys-duration-at-1280\test-failed-1.png
    ────────────────────────────────────────────────────────────────────────────────────────────────

    Error Context: apps\web\test-results\journeys-duration-at-1280\error-context.md

    attachment #3: trace (application/zip) ─────────────────────────────────────────────────────────
    apps\web\test-results\journeys-duration-at-1280\trace.zip
    Usage:

        npx playwright show-trace apps\web\test-results\journeys-duration-at-1280\trace.zip

    ────────────────────────────────────────────────────────────────────────────────────────────────

  65) apps\web\tests\journeys.spec.ts:7:3 › geodenied at 1280 ──────────────────────────────────────

    Error: page.goto: net::ERR_CONNECTION_REFUSED at http://127.0.0.1:5174/
    Call log:
      - navigating to "http://127.0.0.1:5174/", waiting until "load"


      12 |     page.on('pageerror', e => errors.push(e.message));
      13 |     page.on('console', m => { if (m.type() === 'error' && !m.text().includes('Failed to load resource')) errors.push(m.text()); });
    > 14 |     await page.goto('/');
         |                ^
      15 |     const submit = page.getByRole('button', { name: 'Compile one fixture plan' });
      16 |     await expect(submit).toBeEnabled();
      17 |     if (path === 'budget') await page.getByLabel('Budget in INR', { exact: true }).fill('0');
        at C:\code_shit\Hackathon\ground-rule-build-pack\ground-rule-build-pack\apps\web\tests\journeys.spec.ts:14:16

    attachment #1: screenshot (image/png) ──────────────────────────────────────────────────────────
    apps\web\test-results\journeys-geodenied-at-1280\test-failed-1.png
    ────────────────────────────────────────────────────────────────────────────────────────────────

    Error Context: apps\web\test-results\journeys-geodenied-at-1280\error-context.md

    attachment #3: trace (application/zip) ─────────────────────────────────────────────────────────
    apps\web\test-results\journeys-geodenied-at-1280\trace.zip
    Usage:

        npx playwright show-trace apps\web\test-results\journeys-geodenied-at-1280\trace.zip

    ────────────────────────────────────────────────────────────────────────────────────────────────

  66) apps\web\tests\journeys.spec.ts:7:3 › coordinates at 1280 ────────────────────────────────────

    Error: page.goto: net::ERR_CONNECTION_REFUSED at http://127.0.0.1:5174/
    Call log:
      - navigating to "http://127.0.0.1:5174/", waiting until "load"


      12 |     page.on('pageerror', e => errors.push(e.message));
      13 |     page.on('console', m => { if (m.type() === 'error' && !m.text().includes('Failed to load resource')) errors.push(m.text()); });
    > 14 |     await page.goto('/');
         |                ^
      15 |     const submit = page.getByRole('button', { name: 'Compile one fixture plan' });
      16 |     await expect(submit).toBeEnabled();
      17 |     if (path === 'budget') await page.getByLabel('Budget in INR', { exact: true }).fill('0');
        at C:\code_shit\Hackathon\ground-rule-build-pack\ground-rule-build-pack\apps\web\tests\journeys.spec.ts:14:16

    attachment #1: screenshot (image/png) ──────────────────────────────────────────────────────────
    apps\web\test-results\journeys-coordinates-at-1280\test-failed-1.png
    ────────────────────────────────────────────────────────────────────────────────────────────────

    Error Context: apps\web\test-results\journeys-coordinates-at-1280\error-context.md

    attachment #3: trace (application/zip) ─────────────────────────────────────────────────────────
    apps\web\test-results\journeys-coordinates-at-1280\trace.zip
    Usage:

        npx playwright show-trace apps\web\test-results\journeys-coordinates-at-1280\trace.zip

    ────────────────────────────────────────────────────────────────────────────────────────────────

  67) apps\web\tests\journeys.spec.ts:7:3 › cancel at 1280 ─────────────────────────────────────────

    Error: page.goto: net::ERR_CONNECTION_REFUSED at http://127.0.0.1:5174/
    Call log:
      - navigating to "http://127.0.0.1:5174/", waiting until "load"


      12 |     page.on('pageerror', e => errors.push(e.message));
      13 |     page.on('console', m => { if (m.type() === 'error' && !m.text().includes('Failed to load resource')) errors.push(m.text()); });
    > 14 |     await page.goto('/');
         |                ^
      15 |     const submit = page.getByRole('button', { name: 'Compile one fixture plan' });
      16 |     await expect(submit).toBeEnabled();
      17 |     if (path === 'budget') await page.getByLabel('Budget in INR', { exact: true }).fill('0');
        at C:\code_shit\Hackathon\ground-rule-build-pack\ground-rule-build-pack\apps\web\tests\journeys.spec.ts:14:16

    attachment #1: screenshot (image/png) ──────────────────────────────────────────────────────────
    apps\web\test-results\journeys-cancel-at-1280\test-failed-1.png
    ────────────────────────────────────────────────────────────────────────────────────────────────

    Error Context: apps\web\test-results\journeys-cancel-at-1280\error-context.md

    attachment #3: trace (application/zip) ─────────────────────────────────────────────────────────
    apps\web\test-results\journeys-cancel-at-1280\trace.zip
    Usage:

        npx playwright show-trace apps\web\test-results\journeys-cancel-at-1280\trace.zip

    ────────────────────────────────────────────────────────────────────────────────────────────────

  68) apps\web\tests\journeys.spec.ts:7:3 › offline at 1280 ────────────────────────────────────────

    Error: page.goto: net::ERR_CONNECTION_REFUSED at http://127.0.0.1:5174/
    Call log:
      - navigating to "http://127.0.0.1:5174/", waiting until "load"


      12 |     page.on('pageerror', e => errors.push(e.message));
      13 |     page.on('console', m => { if (m.type() === 'error' && !m.text().includes('Failed to load resource')) errors.push(m.text()); });
    > 14 |     await page.goto('/');
         |                ^
      15 |     const submit = page.getByRole('button', { name: 'Compile one fixture plan' });
      16 |     await expect(submit).toBeEnabled();
      17 |     if (path === 'budget') await page.getByLabel('Budget in INR', { exact: true }).fill('0');
        at C:\code_shit\Hackathon\ground-rule-build-pack\ground-rule-build-pack\apps\web\tests\journeys.spec.ts:14:16

    attachment #1: screenshot (image/png) ──────────────────────────────────────────────────────────
    apps\web\test-results\journeys-offline-at-1280\test-failed-1.png
    ────────────────────────────────────────────────────────────────────────────────────────────────

    Error Context: apps\web\test-results\journeys-offline-at-1280\error-context.md

    attachment #3: trace (application/zip) ─────────────────────────────────────────────────────────
    apps\web\test-results\journeys-offline-at-1280\trace.zip
    Usage:

        npx playwright show-trace apps\web\test-results\journeys-offline-at-1280\trace.zip

    ────────────────────────────────────────────────────────────────────────────────────────────────

  69) apps\web\tests\journeys.spec.ts:7:3 › malformed at 1280 ──────────────────────────────────────

    Error: page.goto: net::ERR_CONNECTION_REFUSED at http://127.0.0.1:5174/
    Call log:
      - navigating to "http://127.0.0.1:5174/", waiting until "load"


      12 |     page.on('pageerror', e => errors.push(e.message));
      13 |     page.on('console', m => { if (m.type() === 'error' && !m.text().includes('Failed to load resource')) errors.push(m.text()); });
    > 14 |     await page.goto('/');
         |                ^
      15 |     const submit = page.getByRole('button', { name: 'Compile one fixture plan' });
      16 |     await expect(submit).toBeEnabled();
      17 |     if (path === 'budget') await page.getByLabel('Budget in INR', { exact: true }).fill('0');
        at C:\code_shit\Hackathon\ground-rule-build-pack\ground-rule-build-pack\apps\web\tests\journeys.spec.ts:14:16

    attachment #1: screenshot (image/png) ──────────────────────────────────────────────────────────
    apps\web\test-results\journeys-malformed-at-1280\test-failed-1.png
    ────────────────────────────────────────────────────────────────────────────────────────────────

    Error Context: apps\web\test-results\journeys-malformed-at-1280\error-context.md

    attachment #3: trace (application/zip) ─────────────────────────────────────────────────────────
    apps\web\test-results\journeys-malformed-at-1280\trace.zip
    Usage:

        npx playwright show-trace apps\web\test-results\journeys-malformed-at-1280\trace.zip

    ────────────────────────────────────────────────────────────────────────────────────────────────

  70) apps\web\tests\journeys.spec.ts:7:3 › success at 1440 ────────────────────────────────────────

    Error: page.goto: net::ERR_CONNECTION_REFUSED at http://127.0.0.1:5174/
    Call log:
      - navigating to "http://127.0.0.1:5174/", waiting until "load"


      12 |     page.on('pageerror', e => errors.push(e.message));
      13 |     page.on('console', m => { if (m.type() === 'error' && !m.text().includes('Failed to load resource')) errors.push(m.text()); });
    > 14 |     await page.goto('/');
         |                ^
      15 |     const submit = page.getByRole('button', { name: 'Compile one fixture plan' });
      16 |     await expect(submit).toBeEnabled();
      17 |     if (path === 'budget') await page.getByLabel('Budget in INR', { exact: true }).fill('0');
        at C:\code_shit\Hackathon\ground-rule-build-pack\ground-rule-build-pack\apps\web\tests\journeys.spec.ts:14:16

    attachment #1: screenshot (image/png) ──────────────────────────────────────────────────────────
    apps\web\test-results\journeys-success-at-1440\test-failed-1.png
    ────────────────────────────────────────────────────────────────────────────────────────────────

    Error Context: apps\web\test-results\journeys-success-at-1440\error-context.md

    attachment #3: trace (application/zip) ─────────────────────────────────────────────────────────
    apps\web\test-results\journeys-success-at-1440\trace.zip
    Usage:

        npx playwright show-trace apps\web\test-results\journeys-success-at-1440\trace.zip

    ────────────────────────────────────────────────────────────────────────────────────────────────

  71) apps\web\tests\journeys.spec.ts:7:3 › budget at 1440 ─────────────────────────────────────────

    Error: page.goto: net::ERR_CONNECTION_REFUSED at http://127.0.0.1:5174/
    Call log:
      - navigating to "http://127.0.0.1:5174/", waiting until "load"


      12 |     page.on('pageerror', e => errors.push(e.message));
      13 |     page.on('console', m => { if (m.type() === 'error' && !m.text().includes('Failed to load resource')) errors.push(m.text()); });
    > 14 |     await page.goto('/');
         |                ^
      15 |     const submit = page.getByRole('button', { name: 'Compile one fixture plan' });
      16 |     await expect(submit).toBeEnabled();
      17 |     if (path === 'budget') await page.getByLabel('Budget in INR', { exact: true }).fill('0');
        at C:\code_shit\Hackathon\ground-rule-build-pack\ground-rule-build-pack\apps\web\tests\journeys.spec.ts:14:16

    attachment #1: screenshot (image/png) ──────────────────────────────────────────────────────────
    apps\web\test-results\journeys-budget-at-1440\test-failed-1.png
    ────────────────────────────────────────────────────────────────────────────────────────────────

    Error Context: apps\web\test-results\journeys-budget-at-1440\error-context.md

    attachment #3: trace (application/zip) ─────────────────────────────────────────────────────────
    apps\web\test-results\journeys-budget-at-1440\trace.zip
    Usage:

        npx playwright show-trace apps\web\test-results\journeys-budget-at-1440\trace.zip

    ────────────────────────────────────────────────────────────────────────────────────────────────

  72) apps\web\tests\journeys.spec.ts:7:3 › currency at 1440 ───────────────────────────────────────

    Error: page.goto: net::ERR_CONNECTION_REFUSED at http://127.0.0.1:5174/
    Call log:
      - navigating to "http://127.0.0.1:5174/", waiting until "load"


      12 |     page.on('pageerror', e => errors.push(e.message));
      13 |     page.on('console', m => { if (m.type() === 'error' && !m.text().includes('Failed to load resource')) errors.push(m.text()); });
    > 14 |     await page.goto('/');
         |                ^
      15 |     const submit = page.getByRole('button', { name: 'Compile one fixture plan' });
      16 |     await expect(submit).toBeEnabled();
      17 |     if (path === 'budget') await page.getByLabel('Budget in INR', { exact: true }).fill('0');
        at C:\code_shit\Hackathon\ground-rule-build-pack\ground-rule-build-pack\apps\web\tests\journeys.spec.ts:14:16

    attachment #1: screenshot (image/png) ──────────────────────────────────────────────────────────
    apps\web\test-results\journeys-currency-at-1440\test-failed-1.png
    ────────────────────────────────────────────────────────────────────────────────────────────────

    Error Context: apps\web\test-results\journeys-currency-at-1440\error-context.md

    attachment #3: trace (application/zip) ─────────────────────────────────────────────────────────
    apps\web\test-results\journeys-currency-at-1440\trace.zip
    Usage:

        npx playwright show-trace apps\web\test-results\journeys-currency-at-1440\trace.zip

    ────────────────────────────────────────────────────────────────────────────────────────────────

  73) apps\web\tests\journeys.spec.ts:7:3 › walking at 1440 ────────────────────────────────────────

    Error: page.goto: net::ERR_CONNECTION_REFUSED at http://127.0.0.1:5174/
    Call log:
      - navigating to "http://127.0.0.1:5174/", waiting until "load"


      12 |     page.on('pageerror', e => errors.push(e.message));
      13 |     page.on('console', m => { if (m.type() === 'error' && !m.text().includes('Failed to load resource')) errors.push(m.text()); });
    > 14 |     await page.goto('/');
         |                ^
      15 |     const submit = page.getByRole('button', { name: 'Compile one fixture plan' });
      16 |     await expect(submit).toBeEnabled();
      17 |     if (path === 'budget') await page.getByLabel('Budget in INR', { exact: true }).fill('0');
        at C:\code_shit\Hackathon\ground-rule-build-pack\ground-rule-build-pack\apps\web\tests\journeys.spec.ts:14:16

    attachment #1: screenshot (image/png) ──────────────────────────────────────────────────────────
    apps\web\test-results\journeys-walking-at-1440\test-failed-1.png
    ────────────────────────────────────────────────────────────────────────────────────────────────

    Error Context: apps\web\test-results\journeys-walking-at-1440\error-context.md

    attachment #3: trace (application/zip) ─────────────────────────────────────────────────────────
    apps\web\test-results\journeys-walking-at-1440\trace.zip
    Usage:

        npx playwright show-trace apps\web\test-results\journeys-walking-at-1440\trace.zip

    ────────────────────────────────────────────────────────────────────────────────────────────────

  74) apps\web\tests\journeys.spec.ts:7:3 › duration at 1440 ───────────────────────────────────────

    Error: page.goto: net::ERR_CONNECTION_REFUSED at http://127.0.0.1:5174/
    Call log:
      - navigating to "http://127.0.0.1:5174/", waiting until "load"


      12 |     page.on('pageerror', e => errors.push(e.message));
      13 |     page.on('console', m => { if (m.type() === 'error' && !m.text().includes('Failed to load resource')) errors.push(m.text()); });
    > 14 |     await page.goto('/');
         |                ^
      15 |     const submit = page.getByRole('button', { name: 'Compile one fixture plan' });
      16 |     await expect(submit).toBeEnabled();
      17 |     if (path === 'budget') await page.getByLabel('Budget in INR', { exact: true }).fill('0');
        at C:\code_shit\Hackathon\ground-rule-build-pack\ground-rule-build-pack\apps\web\tests\journeys.spec.ts:14:16

    attachment #1: screenshot (image/png) ──────────────────────────────────────────────────────────
    apps\web\test-results\journeys-duration-at-1440\test-failed-1.png
    ────────────────────────────────────────────────────────────────────────────────────────────────

    Error Context: apps\web\test-results\journeys-duration-at-1440\error-context.md

    attachment #3: trace (application/zip) ─────────────────────────────────────────────────────────
    apps\web\test-results\journeys-duration-at-1440\trace.zip
    Usage:

        npx playwright show-trace apps\web\test-results\journeys-duration-at-1440\trace.zip

    ────────────────────────────────────────────────────────────────────────────────────────────────

  75) apps\web\tests\journeys.spec.ts:7:3 › geodenied at 1440 ──────────────────────────────────────

    Error: page.goto: net::ERR_CONNECTION_REFUSED at http://127.0.0.1:5174/
    Call log:
      - navigating to "http://127.0.0.1:5174/", waiting until "load"


      12 |     page.on('pageerror', e => errors.push(e.message));
      13 |     page.on('console', m => { if (m.type() === 'error' && !m.text().includes('Failed to load resource')) errors.push(m.text()); });
    > 14 |     await page.goto('/');
         |                ^
      15 |     const submit = page.getByRole('button', { name: 'Compile one fixture plan' });
      16 |     await expect(submit).toBeEnabled();
      17 |     if (path === 'budget') await page.getByLabel('Budget in INR', { exact: true }).fill('0');
        at C:\code_shit\Hackathon\ground-rule-build-pack\ground-rule-build-pack\apps\web\tests\journeys.spec.ts:14:16

    attachment #1: screenshot (image/png) ──────────────────────────────────────────────────────────
    apps\web\test-results\journeys-geodenied-at-1440\test-failed-1.png
    ────────────────────────────────────────────────────────────────────────────────────────────────

    Error Context: apps\web\test-results\journeys-geodenied-at-1440\error-context.md

    attachment #3: trace (application/zip) ─────────────────────────────────────────────────────────
    apps\web\test-results\journeys-geodenied-at-1440\trace.zip
    Usage:

        npx playwright show-trace apps\web\test-results\journeys-geodenied-at-1440\trace.zip

    ────────────────────────────────────────────────────────────────────────────────────────────────

  76) apps\web\tests\journeys.spec.ts:7:3 › coordinates at 1440 ────────────────────────────────────

    Error: page.goto: net::ERR_CONNECTION_REFUSED at http://127.0.0.1:5174/
    Call log:
      - navigating to "http://127.0.0.1:5174/", waiting until "load"


      12 |     page.on('pageerror', e => errors.push(e.message));
      13 |     page.on('console', m => { if (m.type() === 'error' && !m.text().includes('Failed to load resource')) errors.push(m.text()); });
    > 14 |     await page.goto('/');
         |                ^
      15 |     const submit = page.getByRole('button', { name: 'Compile one fixture plan' });
      16 |     await expect(submit).toBeEnabled();
      17 |     if (path === 'budget') await page.getByLabel('Budget in INR', { exact: true }).fill('0');
        at C:\code_shit\Hackathon\ground-rule-build-pack\ground-rule-build-pack\apps\web\tests\journeys.spec.ts:14:16

    attachment #1: screenshot (image/png) ──────────────────────────────────────────────────────────
    apps\web\test-results\journeys-coordinates-at-1440\test-failed-1.png
    ────────────────────────────────────────────────────────────────────────────────────────────────

    Error Context: apps\web\test-results\journeys-coordinates-at-1440\error-context.md

    attachment #3: trace (application/zip) ─────────────────────────────────────────────────────────
    apps\web\test-results\journeys-coordinates-at-1440\trace.zip
    Usage:

        npx playwright show-trace apps\web\test-results\journeys-coordinates-at-1440\trace.zip

    ────────────────────────────────────────────────────────────────────────────────────────────────

  77) apps\web\tests\journeys.spec.ts:7:3 › cancel at 1440 ─────────────────────────────────────────

    Error: page.goto: net::ERR_CONNECTION_REFUSED at http://127.0.0.1:5174/
    Call log:
      - navigating to "http://127.0.0.1:5174/", waiting until "load"


      12 |     page.on('pageerror', e => errors.push(e.message));
      13 |     page.on('console', m => { if (m.type() === 'error' && !m.text().includes('Failed to load resource')) errors.push(m.text()); });
    > 14 |     await page.goto('/');
         |                ^
      15 |     const submit = page.getByRole('button', { name: 'Compile one fixture plan' });
      16 |     await expect(submit).toBeEnabled();
      17 |     if (path === 'budget') await page.getByLabel('Budget in INR', { exact: true }).fill('0');
        at C:\code_shit\Hackathon\ground-rule-build-pack\ground-rule-build-pack\apps\web\tests\journeys.spec.ts:14:16

    attachment #1: screenshot (image/png) ──────────────────────────────────────────────────────────
    apps\web\test-results\journeys-cancel-at-1440\test-failed-1.png
    ────────────────────────────────────────────────────────────────────────────────────────────────

    Error Context: apps\web\test-results\journeys-cancel-at-1440\error-context.md

    attachment #3: trace (application/zip) ─────────────────────────────────────────────────────────
    apps\web\test-results\journeys-cancel-at-1440\trace.zip
    Usage:

        npx playwright show-trace apps\web\test-results\journeys-cancel-at-1440\trace.zip

    ────────────────────────────────────────────────────────────────────────────────────────────────

  78) apps\web\tests\journeys.spec.ts:7:3 › offline at 1440 ────────────────────────────────────────

    Error: page.goto: net::ERR_CONNECTION_REFUSED at http://127.0.0.1:5174/
    Call log:
      - navigating to "http://127.0.0.1:5174/", waiting until "load"


      12 |     page.on('pageerror', e => errors.push(e.message));
      13 |     page.on('console', m => { if (m.type() === 'error' && !m.text().includes('Failed to load resource')) errors.push(m.text()); });
    > 14 |     await page.goto('/');
         |                ^
      15 |     const submit = page.getByRole('button', { name: 'Compile one fixture plan' });
      16 |     await expect(submit).toBeEnabled();
      17 |     if (path === 'budget') await page.getByLabel('Budget in INR', { exact: true }).fill('0');
        at C:\code_shit\Hackathon\ground-rule-build-pack\ground-rule-build-pack\apps\web\tests\journeys.spec.ts:14:16

    attachment #1: screenshot (image/png) ──────────────────────────────────────────────────────────
    apps\web\test-results\journeys-offline-at-1440\test-failed-1.png
    ────────────────────────────────────────────────────────────────────────────────────────────────

    Error Context: apps\web\test-results\journeys-offline-at-1440\error-context.md

    attachment #3: trace (application/zip) ─────────────────────────────────────────────────────────
    apps\web\test-results\journeys-offline-at-1440\trace.zip
    Usage:

        npx playwright show-trace apps\web\test-results\journeys-offline-at-1440\trace.zip

    ────────────────────────────────────────────────────────────────────────────────────────────────

  79) apps\web\tests\journeys.spec.ts:7:3 › malformed at 1440 ──────────────────────────────────────

    Error: page.goto: net::ERR_CONNECTION_REFUSED at http://127.0.0.1:5174/
    Call log:
      - navigating to "http://127.0.0.1:5174/", waiting until "load"


      12 |     page.on('pageerror', e => errors.push(e.message));
      13 |     page.on('console', m => { if (m.type() === 'error' && !m.text().includes('Failed to load resource')) errors.push(m.text()); });
    > 14 |     await page.goto('/');
         |                ^
      15 |     const submit = page.getByRole('button', { name: 'Compile one fixture plan' });
      16 |     await expect(submit).toBeEnabled();
      17 |     if (path === 'budget') await page.getByLabel('Budget in INR', { exact: true }).fill('0');
        at C:\code_shit\Hackathon\ground-rule-build-pack\ground-rule-build-pack\apps\web\tests\journeys.spec.ts:14:16

    attachment #1: screenshot (image/png) ──────────────────────────────────────────────────────────
    apps\web\test-results\journeys-malformed-at-1440\test-failed-1.png
    ────────────────────────────────────────────────────────────────────────────────────────────────

    Error Context: apps\web\test-results\journeys-malformed-at-1440\error-context.md

    attachment #3: trace (application/zip) ─────────────────────────────────────────────────────────
    apps\web\test-results\journeys-malformed-at-1440\trace.zip
    Usage:

        npx playwright show-trace apps\web\test-results\journeys-malformed-at-1440\trace.zip

    ────────────────────────────────────────────────────────────────────────────────────────────────

  80) apps\web\tests\journeys.spec.ts:7:3 › success at 1920 ────────────────────────────────────────

    Error: page.goto: net::ERR_CONNECTION_REFUSED at http://127.0.0.1:5174/
    Call log:
      - navigating to "http://127.0.0.1:5174/", waiting until "load"


      12 |     page.on('pageerror', e => errors.push(e.message));
      13 |     page.on('console', m => { if (m.type() === 'error' && !m.text().includes('Failed to load resource')) errors.push(m.text()); });
    > 14 |     await page.goto('/');
         |                ^
      15 |     const submit = page.getByRole('button', { name: 'Compile one fixture plan' });
      16 |     await expect(submit).toBeEnabled();
      17 |     if (path === 'budget') await page.getByLabel('Budget in INR', { exact: true }).fill('0');
        at C:\code_shit\Hackathon\ground-rule-build-pack\ground-rule-build-pack\apps\web\tests\journeys.spec.ts:14:16

    attachment #1: screenshot (image/png) ──────────────────────────────────────────────────────────
    apps\web\test-results\journeys-success-at-1920\test-failed-1.png
    ────────────────────────────────────────────────────────────────────────────────────────────────

    Error Context: apps\web\test-results\journeys-success-at-1920\error-context.md

    attachment #3: trace (application/zip) ─────────────────────────────────────────────────────────
    apps\web\test-results\journeys-success-at-1920\trace.zip
    Usage:

        npx playwright show-trace apps\web\test-results\journeys-success-at-1920\trace.zip

    ────────────────────────────────────────────────────────────────────────────────────────────────

  81) apps\web\tests\journeys.spec.ts:7:3 › budget at 1920 ─────────────────────────────────────────

    Error: page.goto: net::ERR_CONNECTION_REFUSED at http://127.0.0.1:5174/
    Call log:
      - navigating to "http://127.0.0.1:5174/", waiting until "load"


      12 |     page.on('pageerror', e => errors.push(e.message));
      13 |     page.on('console', m => { if (m.type() === 'error' && !m.text().includes('Failed to load resource')) errors.push(m.text()); });
    > 14 |     await page.goto('/');
         |                ^
      15 |     const submit = page.getByRole('button', { name: 'Compile one fixture plan' });
      16 |     await expect(submit).toBeEnabled();
      17 |     if (path === 'budget') await page.getByLabel('Budget in INR', { exact: true }).fill('0');
        at C:\code_shit\Hackathon\ground-rule-build-pack\ground-rule-build-pack\apps\web\tests\journeys.spec.ts:14:16

    attachment #1: screenshot (image/png) ──────────────────────────────────────────────────────────
    apps\web\test-results\journeys-budget-at-1920\test-failed-1.png
    ────────────────────────────────────────────────────────────────────────────────────────────────

    Error Context: apps\web\test-results\journeys-budget-at-1920\error-context.md

    attachment #3: trace (application/zip) ─────────────────────────────────────────────────────────
    apps\web\test-results\journeys-budget-at-1920\trace.zip
    Usage:

        npx playwright show-trace apps\web\test-results\journeys-budget-at-1920\trace.zip

    ────────────────────────────────────────────────────────────────────────────────────────────────

  82) apps\web\tests\journeys.spec.ts:7:3 › currency at 1920 ───────────────────────────────────────

    Error: page.goto: net::ERR_CONNECTION_REFUSED at http://127.0.0.1:5174/
    Call log:
      - navigating to "http://127.0.0.1:5174/", waiting until "load"


      12 |     page.on('pageerror', e => errors.push(e.message));
      13 |     page.on('console', m => { if (m.type() === 'error' && !m.text().includes('Failed to load resource')) errors.push(m.text()); });
    > 14 |     await page.goto('/');
         |                ^
      15 |     const submit = page.getByRole('button', { name: 'Compile one fixture plan' });
      16 |     await expect(submit).toBeEnabled();
      17 |     if (path === 'budget') await page.getByLabel('Budget in INR', { exact: true }).fill('0');
        at C:\code_shit\Hackathon\ground-rule-build-pack\ground-rule-build-pack\apps\web\tests\journeys.spec.ts:14:16

    attachment #1: screenshot (image/png) ──────────────────────────────────────────────────────────
    apps\web\test-results\journeys-currency-at-1920\test-failed-1.png
    ────────────────────────────────────────────────────────────────────────────────────────────────

    Error Context: apps\web\test-results\journeys-currency-at-1920\error-context.md

    attachment #3: trace (application/zip) ─────────────────────────────────────────────────────────
    apps\web\test-results\journeys-currency-at-1920\trace.zip
    Usage:

        npx playwright show-trace apps\web\test-results\journeys-currency-at-1920\trace.zip

    ────────────────────────────────────────────────────────────────────────────────────────────────

  83) apps\web\tests\journeys.spec.ts:7:3 › walking at 1920 ────────────────────────────────────────

    Error: page.goto: net::ERR_CONNECTION_REFUSED at http://127.0.0.1:5174/
    Call log:
      - navigating to "http://127.0.0.1:5174/", waiting until "load"


      12 |     page.on('pageerror', e => errors.push(e.message));
      13 |     page.on('console', m => { if (m.type() === 'error' && !m.text().includes('Failed to load resource')) errors.push(m.text()); });
    > 14 |     await page.goto('/');
         |                ^
      15 |     const submit = page.getByRole('button', { name: 'Compile one fixture plan' });
      16 |     await expect(submit).toBeEnabled();
      17 |     if (path === 'budget') await page.getByLabel('Budget in INR', { exact: true }).fill('0');
        at C:\code_shit\Hackathon\ground-rule-build-pack\ground-rule-build-pack\apps\web\tests\journeys.spec.ts:14:16

    attachment #1: screenshot (image/png) ──────────────────────────────────────────────────────────
    apps\web\test-results\journeys-walking-at-1920\test-failed-1.png
    ────────────────────────────────────────────────────────────────────────────────────────────────

    Error Context: apps\web\test-results\journeys-walking-at-1920\error-context.md

    attachment #3: trace (application/zip) ─────────────────────────────────────────────────────────
    apps\web\test-results\journeys-walking-at-1920\trace.zip
    Usage:

        npx playwright show-trace apps\web\test-results\journeys-walking-at-1920\trace.zip

    ────────────────────────────────────────────────────────────────────────────────────────────────

  84) apps\web\tests\journeys.spec.ts:7:3 › duration at 1920 ───────────────────────────────────────

    Error: page.goto: net::ERR_CONNECTION_REFUSED at http://127.0.0.1:5174/
    Call log:
      - navigating to "http://127.0.0.1:5174/", waiting until "load"


      12 |     page.on('pageerror', e => errors.push(e.message));
      13 |     page.on('console', m => { if (m.type() === 'error' && !m.text().includes('Failed to load resource')) errors.push(m.text()); });
    > 14 |     await page.goto('/');
         |                ^
      15 |     const submit = page.getByRole('button', { name: 'Compile one fixture plan' });
      16 |     await expect(submit).toBeEnabled();
      17 |     if (path === 'budget') await page.getByLabel('Budget in INR', { exact: true }).fill('0');
        at C:\code_shit\Hackathon\ground-rule-build-pack\ground-rule-build-pack\apps\web\tests\journeys.spec.ts:14:16

    attachment #1: screenshot (image/png) ──────────────────────────────────────────────────────────
    apps\web\test-results\journeys-duration-at-1920\test-failed-1.png
    ────────────────────────────────────────────────────────────────────────────────────────────────

    Error Context: apps\web\test-results\journeys-duration-at-1920\error-context.md

    attachment #3: trace (application/zip) ─────────────────────────────────────────────────────────
    apps\web\test-results\journeys-duration-at-1920\trace.zip
    Usage:

        npx playwright show-trace apps\web\test-results\journeys-duration-at-1920\trace.zip

    ────────────────────────────────────────────────────────────────────────────────────────────────

  85) apps\web\tests\journeys.spec.ts:7:3 › geodenied at 1920 ──────────────────────────────────────

    Error: page.goto: net::ERR_CONNECTION_REFUSED at http://127.0.0.1:5174/
    Call log:
      - navigating to "http://127.0.0.1:5174/", waiting until "load"


      12 |     page.on('pageerror', e => errors.push(e.message));
      13 |     page.on('console', m => { if (m.type() === 'error' && !m.text().includes('Failed to load resource')) errors.push(m.text()); });
    > 14 |     await page.goto('/');
         |                ^
      15 |     const submit = page.getByRole('button', { name: 'Compile one fixture plan' });
      16 |     await expect(submit).toBeEnabled();
      17 |     if (path === 'budget') await page.getByLabel('Budget in INR', { exact: true }).fill('0');
        at C:\code_shit\Hackathon\ground-rule-build-pack\ground-rule-build-pack\apps\web\tests\journeys.spec.ts:14:16

    attachment #1: screenshot (image/png) ──────────────────────────────────────────────────────────
    apps\web\test-results\journeys-geodenied-at-1920\test-failed-1.png
    ────────────────────────────────────────────────────────────────────────────────────────────────

    Error Context: apps\web\test-results\journeys-geodenied-at-1920\error-context.md

    attachment #3: trace (application/zip) ─────────────────────────────────────────────────────────
    apps\web\test-results\journeys-geodenied-at-1920\trace.zip
    Usage:

        npx playwright show-trace apps\web\test-results\journeys-geodenied-at-1920\trace.zip

    ────────────────────────────────────────────────────────────────────────────────────────────────

  86) apps\web\tests\journeys.spec.ts:7:3 › coordinates at 1920 ────────────────────────────────────

    Error: page.goto: net::ERR_CONNECTION_REFUSED at http://127.0.0.1:5174/
    Call log:
      - navigating to "http://127.0.0.1:5174/", waiting until "load"


      12 |     page.on('pageerror', e => errors.push(e.message));
      13 |     page.on('console', m => { if (m.type() === 'error' && !m.text().includes('Failed to load resource')) errors.push(m.text()); });
    > 14 |     await page.goto('/');
         |                ^
      15 |     const submit = page.getByRole('button', { name: 'Compile one fixture plan' });
      16 |     await expect(submit).toBeEnabled();
      17 |     if (path === 'budget') await page.getByLabel('Budget in INR', { exact: true }).fill('0');
        at C:\code_shit\Hackathon\ground-rule-build-pack\ground-rule-build-pack\apps\web\tests\journeys.spec.ts:14:16

    attachment #1: screenshot (image/png) ──────────────────────────────────────────────────────────
    apps\web\test-results\journeys-coordinates-at-1920\test-failed-1.png
    ────────────────────────────────────────────────────────────────────────────────────────────────

    Error Context: apps\web\test-results\journeys-coordinates-at-1920\error-context.md

    attachment #3: trace (application/zip) ─────────────────────────────────────────────────────────
    apps\web\test-results\journeys-coordinates-at-1920\trace.zip
    Usage:

        npx playwright show-trace apps\web\test-results\journeys-coordinates-at-1920\trace.zip

    ────────────────────────────────────────────────────────────────────────────────────────────────

  87) apps\web\tests\journeys.spec.ts:7:3 › cancel at 1920 ─────────────────────────────────────────

    Error: page.goto: net::ERR_CONNECTION_REFUSED at http://127.0.0.1:5174/
    Call log:
      - navigating to "http://127.0.0.1:5174/", waiting until "load"


      12 |     page.on('pageerror', e => errors.push(e.message));
      13 |     page.on('console', m => { if (m.type() === 'error' && !m.text().includes('Failed to load resource')) errors.push(m.text()); });
    > 14 |     await page.goto('/');
         |                ^
      15 |     const submit = page.getByRole('button', { name: 'Compile one fixture plan' });
      16 |     await expect(submit).toBeEnabled();
      17 |     if (path === 'budget') await page.getByLabel('Budget in INR', { exact: true }).fill('0');
        at C:\code_shit\Hackathon\ground-rule-build-pack\ground-rule-build-pack\apps\web\tests\journeys.spec.ts:14:16

    attachment #1: screenshot (image/png) ──────────────────────────────────────────────────────────
    apps\web\test-results\journeys-cancel-at-1920\test-failed-1.png
    ────────────────────────────────────────────────────────────────────────────────────────────────

    Error Context: apps\web\test-results\journeys-cancel-at-1920\error-context.md

    attachment #3: trace (application/zip) ─────────────────────────────────────────────────────────
    apps\web\test-results\journeys-cancel-at-1920\trace.zip
    Usage:

        npx playwright show-trace apps\web\test-results\journeys-cancel-at-1920\trace.zip

    ────────────────────────────────────────────────────────────────────────────────────────────────

  88) apps\web\tests\journeys.spec.ts:7:3 › offline at 1920 ────────────────────────────────────────

    Error: page.goto: net::ERR_CONNECTION_REFUSED at http://127.0.0.1:5174/
    Call log:
      - navigating to "http://127.0.0.1:5174/", waiting until "load"


      12 |     page.on('pageerror', e => errors.push(e.message));
      13 |     page.on('console', m => { if (m.type() === 'error' && !m.text().includes('Failed to load resource')) errors.push(m.text()); });
    > 14 |     await page.goto('/');
         |                ^
      15 |     const submit = page.getByRole('button', { name: 'Compile one fixture plan' });
      16 |     await expect(submit).toBeEnabled();
      17 |     if (path === 'budget') await page.getByLabel('Budget in INR', { exact: true }).fill('0');
        at C:\code_shit\Hackathon\ground-rule-build-pack\ground-rule-build-pack\apps\web\tests\journeys.spec.ts:14:16

    attachment #1: screenshot (image/png) ──────────────────────────────────────────────────────────
    apps\web\test-results\journeys-offline-at-1920\test-failed-1.png
    ────────────────────────────────────────────────────────────────────────────────────────────────

    Error Context: apps\web\test-results\journeys-offline-at-1920\error-context.md

    attachment #3: trace (application/zip) ─────────────────────────────────────────────────────────
    apps\web\test-results\journeys-offline-at-1920\trace.zip
    Usage:

        npx playwright show-trace apps\web\test-results\journeys-offline-at-1920\trace.zip

    ────────────────────────────────────────────────────────────────────────────────────────────────

  89) apps\web\tests\journeys.spec.ts:7:3 › malformed at 1920 ──────────────────────────────────────

    Error: page.goto: net::ERR_CONNECTION_REFUSED at http://127.0.0.1:5174/
    Call log:
      - navigating to "http://127.0.0.1:5174/", waiting until "load"


      12 |     page.on('pageerror', e => errors.push(e.message));
      13 |     page.on('console', m => { if (m.type() === 'error' && !m.text().includes('Failed to load resource')) errors.push(m.text()); });
    > 14 |     await page.goto('/');
         |                ^
      15 |     const submit = page.getByRole('button', { name: 'Compile one fixture plan' });
      16 |     await expect(submit).toBeEnabled();
      17 |     if (path === 'budget') await page.getByLabel('Budget in INR', { exact: true }).fill('0');
        at C:\code_shit\Hackathon\ground-rule-build-pack\ground-rule-build-pack\apps\web\tests\journeys.spec.ts:14:16

    attachment #1: screenshot (image/png) ──────────────────────────────────────────────────────────
    apps\web\test-results\journeys-malformed-at-1920\test-failed-1.png
    ────────────────────────────────────────────────────────────────────────────────────────────────

    Error Context: apps\web\test-results\journeys-malformed-at-1920\error-context.md

    attachment #3: trace (application/zip) ─────────────────────────────────────────────────────────
    apps\web\test-results\journeys-malformed-at-1920\trace.zip
    Usage:

        npx playwright show-trace apps\web\test-results\journeys-malformed-at-1920\trace.zip

    ────────────────────────────────────────────────────────────────────────────────────────────────

  90) apps\web\tests\journeys.spec.ts:7:3 › success at 3840 ────────────────────────────────────────

    Error: page.goto: net::ERR_CONNECTION_REFUSED at http://127.0.0.1:5174/
    Call log:
      - navigating to "http://127.0.0.1:5174/", waiting until "load"


      12 |     page.on('pageerror', e => errors.push(e.message));
      13 |     page.on('console', m => { if (m.type() === 'error' && !m.text().includes('Failed to load resource')) errors.push(m.text()); });
    > 14 |     await page.goto('/');
         |                ^
      15 |     const submit = page.getByRole('button', { name: 'Compile one fixture plan' });
      16 |     await expect(submit).toBeEnabled();
      17 |     if (path === 'budget') await page.getByLabel('Budget in INR', { exact: true }).fill('0');
        at C:\code_shit\Hackathon\ground-rule-build-pack\ground-rule-build-pack\apps\web\tests\journeys.spec.ts:14:16

    attachment #1: screenshot (image/png) ──────────────────────────────────────────────────────────
    apps\web\test-results\journeys-success-at-3840\test-failed-1.png
    ────────────────────────────────────────────────────────────────────────────────────────────────

    Error Context: apps\web\test-results\journeys-success-at-3840\error-context.md

    attachment #3: trace (application/zip) ─────────────────────────────────────────────────────────
    apps\web\test-results\journeys-success-at-3840\trace.zip
    Usage:

        npx playwright show-trace apps\web\test-results\journeys-success-at-3840\trace.zip

    ────────────────────────────────────────────────────────────────────────────────────────────────

  91) apps\web\tests\journeys.spec.ts:7:3 › budget at 3840 ─────────────────────────────────────────

    Error: page.goto: net::ERR_CONNECTION_REFUSED at http://127.0.0.1:5174/
    Call log:
      - navigating to "http://127.0.0.1:5174/", waiting until "load"


      12 |     page.on('pageerror', e => errors.push(e.message));
      13 |     page.on('console', m => { if (m.type() === 'error' && !m.text().includes('Failed to load resource')) errors.push(m.text()); });
    > 14 |     await page.goto('/');
         |                ^
      15 |     const submit = page.getByRole('button', { name: 'Compile one fixture plan' });
      16 |     await expect(submit).toBeEnabled();
      17 |     if (path === 'budget') await page.getByLabel('Budget in INR', { exact: true }).fill('0');
        at C:\code_shit\Hackathon\ground-rule-build-pack\ground-rule-build-pack\apps\web\tests\journeys.spec.ts:14:16

    attachment #1: screenshot (image/png) ──────────────────────────────────────────────────────────
    apps\web\test-results\journeys-budget-at-3840\test-failed-1.png
    ────────────────────────────────────────────────────────────────────────────────────────────────

    Error Context: apps\web\test-results\journeys-budget-at-3840\error-context.md

    attachment #3: trace (application/zip) ─────────────────────────────────────────────────────────
    apps\web\test-results\journeys-budget-at-3840\trace.zip
    Usage:

        npx playwright show-trace apps\web\test-results\journeys-budget-at-3840\trace.zip

    ────────────────────────────────────────────────────────────────────────────────────────────────

  92) apps\web\tests\journeys.spec.ts:7:3 › currency at 3840 ───────────────────────────────────────

    Error: page.goto: net::ERR_CONNECTION_REFUSED at http://127.0.0.1:5174/
    Call log:
      - navigating to "http://127.0.0.1:5174/", waiting until "load"


      12 |     page.on('pageerror', e => errors.push(e.message));
      13 |     page.on('console', m => { if (m.type() === 'error' && !m.text().includes('Failed to load resource')) errors.push(m.text()); });
    > 14 |     await page.goto('/');
         |                ^
      15 |     const submit = page.getByRole('button', { name: 'Compile one fixture plan' });
      16 |     await expect(submit).toBeEnabled();
      17 |     if (path === 'budget') await page.getByLabel('Budget in INR', { exact: true }).fill('0');
        at C:\code_shit\Hackathon\ground-rule-build-pack\ground-rule-build-pack\apps\web\tests\journeys.spec.ts:14:16

    attachment #1: screenshot (image/png) ──────────────────────────────────────────────────────────
    apps\web\test-results\journeys-currency-at-3840\test-failed-1.png
    ────────────────────────────────────────────────────────────────────────────────────────────────

    Error Context: apps\web\test-results\journeys-currency-at-3840\error-context.md

    attachment #3: trace (application/zip) ─────────────────────────────────────────────────────────
    apps\web\test-results\journeys-currency-at-3840\trace.zip
    Usage:

        npx playwright show-trace apps\web\test-results\journeys-currency-at-3840\trace.zip

    ────────────────────────────────────────────────────────────────────────────────────────────────

  93) apps\web\tests\journeys.spec.ts:7:3 › walking at 3840 ────────────────────────────────────────

    Error: page.goto: net::ERR_CONNECTION_REFUSED at http://127.0.0.1:5174/
    Call log:
      - navigating to "http://127.0.0.1:5174/", waiting until "load"


      12 |     page.on('pageerror', e => errors.push(e.message));
      13 |     page.on('console', m => { if (m.type() === 'error' && !m.text().includes('Failed to load resource')) errors.push(m.text()); });
    > 14 |     await page.goto('/');
         |                ^
      15 |     const submit = page.getByRole('button', { name: 'Compile one fixture plan' });
      16 |     await expect(submit).toBeEnabled();
      17 |     if (path === 'budget') await page.getByLabel('Budget in INR', { exact: true }).fill('0');
        at C:\code_shit\Hackathon\ground-rule-build-pack\ground-rule-build-pack\apps\web\tests\journeys.spec.ts:14:16

    attachment #1: screenshot (image/png) ──────────────────────────────────────────────────────────
    apps\web\test-results\journeys-walking-at-3840\test-failed-1.png
    ────────────────────────────────────────────────────────────────────────────────────────────────

    Error Context: apps\web\test-results\journeys-walking-at-3840\error-context.md

    attachment #3: trace (application/zip) ─────────────────────────────────────────────────────────
    apps\web\test-results\journeys-walking-at-3840\trace.zip
    Usage:

        npx playwright show-trace apps\web\test-results\journeys-walking-at-3840\trace.zip

    ────────────────────────────────────────────────────────────────────────────────────────────────

  94) apps\web\tests\journeys.spec.ts:7:3 › duration at 3840 ───────────────────────────────────────

    Error: page.goto: net::ERR_CONNECTION_REFUSED at http://127.0.0.1:5174/
    Call log:
      - navigating to "http://127.0.0.1:5174/", waiting until "load"


      12 |     page.on('pageerror', e => errors.push(e.message));
      13 |     page.on('console', m => { if (m.type() === 'error' && !m.text().includes('Failed to load resource')) errors.push(m.text()); });
    > 14 |     await page.goto('/');
         |                ^
      15 |     const submit = page.getByRole('button', { name: 'Compile one fixture plan' });
      16 |     await expect(submit).toBeEnabled();
      17 |     if (path === 'budget') await page.getByLabel('Budget in INR', { exact: true }).fill('0');
        at C:\code_shit\Hackathon\ground-rule-build-pack\ground-rule-build-pack\apps\web\tests\journeys.spec.ts:14:16

    attachment #1: screenshot (image/png) ──────────────────────────────────────────────────────────
    apps\web\test-results\journeys-duration-at-3840\test-failed-1.png
    ────────────────────────────────────────────────────────────────────────────────────────────────

    Error Context: apps\web\test-results\journeys-duration-at-3840\error-context.md

    attachment #3: trace (application/zip) ─────────────────────────────────────────────────────────
    apps\web\test-results\journeys-duration-at-3840\trace.zip
    Usage:

        npx playwright show-trace apps\web\test-results\journeys-duration-at-3840\trace.zip

    ────────────────────────────────────────────────────────────────────────────────────────────────

  95) apps\web\tests\journeys.spec.ts:7:3 › geodenied at 3840 ──────────────────────────────────────

    Error: page.goto: net::ERR_CONNECTION_REFUSED at http://127.0.0.1:5174/
    Call log:
      - navigating to "http://127.0.0.1:5174/", waiting until "load"


      12 |     page.on('pageerror', e => errors.push(e.message));
      13 |     page.on('console', m => { if (m.type() === 'error' && !m.text().includes('Failed to load resource')) errors.push(m.text()); });
    > 14 |     await page.goto('/');
         |                ^
      15 |     const submit = page.getByRole('button', { name: 'Compile one fixture plan' });
      16 |     await expect(submit).toBeEnabled();
      17 |     if (path === 'budget') await page.getByLabel('Budget in INR', { exact: true }).fill('0');
        at C:\code_shit\Hackathon\ground-rule-build-pack\ground-rule-build-pack\apps\web\tests\journeys.spec.ts:14:16

    attachment #1: screenshot (image/png) ──────────────────────────────────────────────────────────
    apps\web\test-results\journeys-geodenied-at-3840\test-failed-1.png
    ────────────────────────────────────────────────────────────────────────────────────────────────

    Error Context: apps\web\test-results\journeys-geodenied-at-3840\error-context.md

    attachment #3: trace (application/zip) ─────────────────────────────────────────────────────────
    apps\web\test-results\journeys-geodenied-at-3840\trace.zip
    Usage:

        npx playwright show-trace apps\web\test-results\journeys-geodenied-at-3840\trace.zip

    ────────────────────────────────────────────────────────────────────────────────────────────────

  96) apps\web\tests\journeys.spec.ts:7:3 › coordinates at 3840 ────────────────────────────────────

    Error: page.goto: net::ERR_CONNECTION_REFUSED at http://127.0.0.1:5174/
    Call log:
      - navigating to "http://127.0.0.1:5174/", waiting until "load"


      12 |     page.on('pageerror', e => errors.push(e.message));
      13 |     page.on('console', m => { if (m.type() === 'error' && !m.text().includes('Failed to load resource')) errors.push(m.text()); });
    > 14 |     await page.goto('/');
         |                ^
      15 |     const submit = page.getByRole('button', { name: 'Compile one fixture plan' });
      16 |     await expect(submit).toBeEnabled();
      17 |     if (path === 'budget') await page.getByLabel('Budget in INR', { exact: true }).fill('0');
        at C:\code_shit\Hackathon\ground-rule-build-pack\ground-rule-build-pack\apps\web\tests\journeys.spec.ts:14:16

    attachment #1: screenshot (image/png) ──────────────────────────────────────────────────────────
    apps\web\test-results\journeys-coordinates-at-3840\test-failed-1.png
    ────────────────────────────────────────────────────────────────────────────────────────────────

    Error Context: apps\web\test-results\journeys-coordinates-at-3840\error-context.md

    attachment #3: trace (application/zip) ─────────────────────────────────────────────────────────
    apps\web\test-results\journeys-coordinates-at-3840\trace.zip
    Usage:

        npx playwright show-trace apps\web\test-results\journeys-coordinates-at-3840\trace.zip

    ────────────────────────────────────────────────────────────────────────────────────────────────

  97) apps\web\tests\journeys.spec.ts:7:3 › cancel at 3840 ─────────────────────────────────────────

    Error: page.goto: net::ERR_CONNECTION_REFUSED at http://127.0.0.1:5174/
    Call log:
      - navigating to "http://127.0.0.1:5174/", waiting until "load"


      12 |     page.on('pageerror', e => errors.push(e.message));
      13 |     page.on('console', m => { if (m.type() === 'error' && !m.text().includes('Failed to load resource')) errors.push(m.text()); });
    > 14 |     await page.goto('/');
         |                ^
      15 |     const submit = page.getByRole('button', { name: 'Compile one fixture plan' });
      16 |     await expect(submit).toBeEnabled();
      17 |     if (path === 'budget') await page.getByLabel('Budget in INR', { exact: true }).fill('0');
        at C:\code_shit\Hackathon\ground-rule-build-pack\ground-rule-build-pack\apps\web\tests\journeys.spec.ts:14:16

    attachment #1: screenshot (image/png) ──────────────────────────────────────────────────────────
    apps\web\test-results\journeys-cancel-at-3840\test-failed-1.png
    ────────────────────────────────────────────────────────────────────────────────────────────────

    Error Context: apps\web\test-results\journeys-cancel-at-3840\error-context.md

    attachment #3: trace (application/zip) ─────────────────────────────────────────────────────────
    apps\web\test-results\journeys-cancel-at-3840\trace.zip
    Usage:

        npx playwright show-trace apps\web\test-results\journeys-cancel-at-3840\trace.zip

    ────────────────────────────────────────────────────────────────────────────────────────────────

  98) apps\web\tests\journeys.spec.ts:7:3 › offline at 3840 ────────────────────────────────────────

    Error: page.goto: net::ERR_CONNECTION_REFUSED at http://127.0.0.1:5174/
    Call log:
      - navigating to "http://127.0.0.1:5174/", waiting until "load"


      12 |     page.on('pageerror', e => errors.push(e.message));
      13 |     page.on('console', m => { if (m.type() === 'error' && !m.text().includes('Failed to load resource')) errors.push(m.text()); });
    > 14 |     await page.goto('/');
         |                ^
      15 |     const submit = page.getByRole('button', { name: 'Compile one fixture plan' });
      16 |     await expect(submit).toBeEnabled();
      17 |     if (path === 'budget') await page.getByLabel('Budget in INR', { exact: true }).fill('0');
        at C:\code_shit\Hackathon\ground-rule-build-pack\ground-rule-build-pack\apps\web\tests\journeys.spec.ts:14:16

    attachment #1: screenshot (image/png) ──────────────────────────────────────────────────────────
    apps\web\test-results\journeys-offline-at-3840\test-failed-1.png
    ────────────────────────────────────────────────────────────────────────────────────────────────

    Error Context: apps\web\test-results\journeys-offline-at-3840\error-context.md

    attachment #3: trace (application/zip) ─────────────────────────────────────────────────────────
    apps\web\test-results\journeys-offline-at-3840\trace.zip
    Usage:

        npx playwright show-trace apps\web\test-results\journeys-offline-at-3840\trace.zip

    ────────────────────────────────────────────────────────────────────────────────────────────────

  99) apps\web\tests\journeys.spec.ts:7:3 › malformed at 3840 ──────────────────────────────────────

    Error: page.goto: net::ERR_CONNECTION_REFUSED at http://127.0.0.1:5174/
    Call log:
      - navigating to "http://127.0.0.1:5174/", waiting until "load"


      12 |     page.on('pageerror', e => errors.push(e.message));
      13 |     page.on('console', m => { if (m.type() === 'error' && !m.text().includes('Failed to load resource')) errors.push(m.text()); });
    > 14 |     await page.goto('/');
         |                ^
      15 |     const submit = page.getByRole('button', { name: 'Compile one fixture plan' });
      16 |     await expect(submit).toBeEnabled();
      17 |     if (path === 'budget') await page.getByLabel('Budget in INR', { exact: true }).fill('0');
        at C:\code_shit\Hackathon\ground-rule-build-pack\ground-rule-build-pack\apps\web\tests\journeys.spec.ts:14:16

    attachment #1: screenshot (image/png) ──────────────────────────────────────────────────────────
    apps\web\test-results\journeys-malformed-at-3840\test-failed-1.png
    ────────────────────────────────────────────────────────────────────────────────────────────────

    Error Context: apps\web\test-results\journeys-malformed-at-3840\error-context.md

    attachment #3: trace (application/zip) ─────────────────────────────────────────────────────────
    apps\web\test-results\journeys-malformed-at-3840\trace.zip
    Usage:

        npx playwright show-trace apps\web\test-results\journeys-malformed-at-3840\trace.zip

    ────────────────────────────────────────────────────────────────────────────────────────────────

  100) apps\web\tests\recovery.spec.ts:4:3 › lowaccuracy recovery at 320 ───────────────────────────

    Error: expect(locator).toBeEnabled() failed

    Locator:  getByRole('button', { name: 'Compile one fixture plan' })
    Expected: enabled
    Received: disabled
    Timeout:  5000ms

    Call log:
      - Expect "toBeEnabled" getByRole('button', { name: 'Compile one fixture plan' }) with timeout 5000ms
      - waiting for getByRole('button', { name: 'Compile one fixture plan' })
        14 × locator resolved to <button disabled type="submit">Compile one fixture plan</button>
           - unexpected value "disabled"


      15 |     await page.goto('/');
      16 |     const submit = page.getByRole('button', { name: 'Compile one fixture plan' });
    > 17 |     await expect(submit).toBeEnabled();
         |                          ^
      18 |     if (['gps', 'lowaccuracy', 'gpstimeout'].includes(path)) {
      19 |       await page.getByLabel('Use my current location (GPS)').check();
      20 |       if (path !== 'gps') {
        at C:\code_shit\Hackathon\ground-rule-build-pack\ground-rule-build-pack\apps\web\tests\recovery.spec.ts:17:26

    attachment #1: screenshot (image/png) ──────────────────────────────────────────────────────────
    apps\web\test-results\recovery-lowaccuracy-recovery-at-320\test-failed-1.png
    ────────────────────────────────────────────────────────────────────────────────────────────────

    Error Context: apps\web\test-results\recovery-lowaccuracy-recovery-at-320\error-context.md

    attachment #3: trace (application/zip) ─────────────────────────────────────────────────────────
    apps\web\test-results\recovery-lowaccuracy-recovery-at-320\trace.zip
    Usage:

        npx playwright show-trace apps\web\test-results\recovery-lowaccuracy-recovery-at-320\trace.zip

    ────────────────────────────────────────────────────────────────────────────────────────────────

  101) apps\web\tests\recovery.spec.ts:4:3 › gpstimeout recovery at 320 ────────────────────────────

    Error: page.goto: net::ERR_CONNECTION_REFUSED at http://127.0.0.1:5174/
    Call log:
      - navigating to "http://127.0.0.1:5174/", waiting until "load"


      13 |       }, { path });
      14 |     }
    > 15 |     await page.goto('/');
         |                ^
      16 |     const submit = page.getByRole('button', { name: 'Compile one fixture plan' });
      17 |     await expect(submit).toBeEnabled();
      18 |     if (['gps', 'lowaccuracy', 'gpstimeout'].includes(path)) {
        at C:\code_shit\Hackathon\ground-rule-build-pack\ground-rule-build-pack\apps\web\tests\recovery.spec.ts:15:16

    attachment #1: screenshot (image/png) ──────────────────────────────────────────────────────────
    apps\web\test-results\recovery-gpstimeout-recovery-at-320\test-failed-1.png
    ────────────────────────────────────────────────────────────────────────────────────────────────

    Error Context: apps\web\test-results\recovery-gpstimeout-recovery-at-320\error-context.md

    attachment #3: trace (application/zip) ─────────────────────────────────────────────────────────
    apps\web\test-results\recovery-gpstimeout-recovery-at-320\trace.zip
    Usage:

        npx playwright show-trace apps\web\test-results\recovery-gpstimeout-recovery-at-320\trace.zip

    ────────────────────────────────────────────────────────────────────────────────────────────────

  102) apps\web\tests\recovery.spec.ts:4:3 › retry recovery at 320 ─────────────────────────────────

    Error: page.goto: net::ERR_CONNECTION_REFUSED at http://127.0.0.1:5174/
    Call log:
      - navigating to "http://127.0.0.1:5174/", waiting until "load"


      13 |       }, { path });
      14 |     }
    > 15 |     await page.goto('/');
         |                ^
      16 |     const submit = page.getByRole('button', { name: 'Compile one fixture plan' });
      17 |     await expect(submit).toBeEnabled();
      18 |     if (['gps', 'lowaccuracy', 'gpstimeout'].includes(path)) {
        at C:\code_shit\Hackathon\ground-rule-build-pack\ground-rule-build-pack\apps\web\tests\recovery.spec.ts:15:16

    attachment #1: screenshot (image/png) ──────────────────────────────────────────────────────────
    apps\web\test-results\recovery-retry-recovery-at-320\test-failed-1.png
    ────────────────────────────────────────────────────────────────────────────────────────────────

    Error Context: apps\web\test-results\recovery-retry-recovery-at-320\error-context.md

    attachment #3: trace (application/zip) ─────────────────────────────────────────────────────────
    apps\web\test-results\recovery-retry-recovery-at-320\trace.zip
    Usage:

        npx playwright show-trace apps\web\test-results\recovery-retry-recovery-at-320\trace.zip

    ────────────────────────────────────────────────────────────────────────────────────────────────

  103) apps\web\tests\recovery.spec.ts:4:3 › double recovery at 320 ────────────────────────────────

    Error: page.goto: net::ERR_CONNECTION_REFUSED at http://127.0.0.1:5174/
    Call log:
      - navigating to "http://127.0.0.1:5174/", waiting until "load"


      13 |       }, { path });
      14 |     }
    > 15 |     await page.goto('/');
         |                ^
      16 |     const submit = page.getByRole('button', { name: 'Compile one fixture plan' });
      17 |     await expect(submit).toBeEnabled();
      18 |     if (['gps', 'lowaccuracy', 'gpstimeout'].includes(path)) {
        at C:\code_shit\Hackathon\ground-rule-build-pack\ground-rule-build-pack\apps\web\tests\recovery.spec.ts:15:16

    attachment #1: screenshot (image/png) ──────────────────────────────────────────────────────────
    apps\web\test-results\recovery-double-recovery-at-320\test-failed-1.png
    ────────────────────────────────────────────────────────────────────────────────────────────────

    Error Context: apps\web\test-results\recovery-double-recovery-at-320\error-context.md

    attachment #3: trace (application/zip) ─────────────────────────────────────────────────────────
    apps\web\test-results\recovery-double-recovery-at-320\trace.zip
    Usage:

        npx playwright show-trace apps\web\test-results\recovery-double-recovery-at-320\trace.zip

    ────────────────────────────────────────────────────────────────────────────────────────────────

  104) apps\web\tests\recovery.spec.ts:4:3 › cancelstale recovery at 320 ───────────────────────────

    Error: page.goto: net::ERR_CONNECTION_REFUSED at http://127.0.0.1:5174/
    Call log:
      - navigating to "http://127.0.0.1:5174/", waiting until "load"


      13 |       }, { path });
      14 |     }
    > 15 |     await page.goto('/');
         |                ^
      16 |     const submit = page.getByRole('button', { name: 'Compile one fixture plan' });
      17 |     await expect(submit).toBeEnabled();
      18 |     if (['gps', 'lowaccuracy', 'gpstimeout'].includes(path)) {
        at C:\code_shit\Hackathon\ground-rule-build-pack\ground-rule-build-pack\apps\web\tests\recovery.spec.ts:15:16

    attachment #1: screenshot (image/png) ──────────────────────────────────────────────────────────
    apps\web\test-results\recovery-cancelstale-recovery-at-320\test-failed-1.png
    ────────────────────────────────────────────────────────────────────────────────────────────────

    Error Context: apps\web\test-results\recovery-cancelstale-recovery-at-320\error-context.md

    attachment #3: trace (application/zip) ─────────────────────────────────────────────────────────
    apps\web\test-results\recovery-cancelstale-recovery-at-320\trace.zip
    Usage:

        npx playwright show-trace apps\web\test-results\recovery-cancelstale-recovery-at-320\trace.zip

    ────────────────────────────────────────────────────────────────────────────────────────────────

  105) apps\web\tests\recovery.spec.ts:4:3 › zoom recovery at 320 ──────────────────────────────────

    Error: page.goto: net::ERR_CONNECTION_REFUSED at http://127.0.0.1:5174/
    Call log:
      - navigating to "http://127.0.0.1:5174/", waiting until "load"


      13 |       }, { path });
      14 |     }
    > 15 |     await page.goto('/');
         |                ^
      16 |     const submit = page.getByRole('button', { name: 'Compile one fixture plan' });
      17 |     await expect(submit).toBeEnabled();
      18 |     if (['gps', 'lowaccuracy', 'gpstimeout'].includes(path)) {
        at C:\code_shit\Hackathon\ground-rule-build-pack\ground-rule-build-pack\apps\web\tests\recovery.spec.ts:15:16

    attachment #1: screenshot (image/png) ──────────────────────────────────────────────────────────
    apps\web\test-results\recovery-zoom-recovery-at-320\test-failed-1.png
    ────────────────────────────────────────────────────────────────────────────────────────────────

    Error Context: apps\web\test-results\recovery-zoom-recovery-at-320\error-context.md

    attachment #3: trace (application/zip) ─────────────────────────────────────────────────────────
    apps\web\test-results\recovery-zoom-recovery-at-320\trace.zip
    Usage:

        npx playwright show-trace apps\web\test-results\recovery-zoom-recovery-at-320\trace.zip

    ────────────────────────────────────────────────────────────────────────────────────────────────

  106) apps\web\tests\recovery.spec.ts:4:3 › voice recovery at 320 ─────────────────────────────────

    Error: page.goto: net::ERR_CONNECTION_REFUSED at http://127.0.0.1:5174/
    Call log:
      - navigating to "http://127.0.0.1:5174/", waiting until "load"


      13 |       }, { path });
      14 |     }
    > 15 |     await page.goto('/');
         |                ^
      16 |     const submit = page.getByRole('button', { name: 'Compile one fixture plan' });
      17 |     await expect(submit).toBeEnabled();
      18 |     if (['gps', 'lowaccuracy', 'gpstimeout'].includes(path)) {
        at C:\code_shit\Hackathon\ground-rule-build-pack\ground-rule-build-pack\apps\web\tests\recovery.spec.ts:15:16

    attachment #1: screenshot (image/png) ──────────────────────────────────────────────────────────
    apps\web\test-results\recovery-voice-recovery-at-320\test-failed-1.png
    ────────────────────────────────────────────────────────────────────────────────────────────────

    Error Context: apps\web\test-results\recovery-voice-recovery-at-320\error-context.md

    attachment #3: trace (application/zip) ─────────────────────────────────────────────────────────
    apps\web\test-results\recovery-voice-recovery-at-320\trace.zip
    Usage:

        npx playwright show-trace apps\web\test-results\recovery-voice-recovery-at-320\trace.zip

    ────────────────────────────────────────────────────────────────────────────────────────────────

  107) apps\web\tests\recovery.spec.ts:4:3 › gps recovery at 390 ───────────────────────────────────

    Error: page.goto: net::ERR_CONNECTION_REFUSED at http://127.0.0.1:5174/
    Call log:
      - navigating to "http://127.0.0.1:5174/", waiting until "load"


      13 |       }, { path });
      14 |     }
    > 15 |     await page.goto('/');
         |                ^
      16 |     const submit = page.getByRole('button', { name: 'Compile one fixture plan' });
      17 |     await expect(submit).toBeEnabled();
      18 |     if (['gps', 'lowaccuracy', 'gpstimeout'].includes(path)) {
        at C:\code_shit\Hackathon\ground-rule-build-pack\ground-rule-build-pack\apps\web\tests\recovery.spec.ts:15:16

    attachment #1: screenshot (image/png) ──────────────────────────────────────────────────────────
    apps\web\test-results\recovery-gps-recovery-at-390\test-failed-1.png
    ────────────────────────────────────────────────────────────────────────────────────────────────

    Error Context: apps\web\test-results\recovery-gps-recovery-at-390\error-context.md

    attachment #3: trace (application/zip) ─────────────────────────────────────────────────────────
    apps\web\test-results\recovery-gps-recovery-at-390\trace.zip
    Usage:

        npx playwright show-trace apps\web\test-results\recovery-gps-recovery-at-390\trace.zip

    ────────────────────────────────────────────────────────────────────────────────────────────────

  108) apps\web\tests\recovery.spec.ts:4:3 › lowaccuracy recovery at 390 ───────────────────────────

    Error: page.goto: net::ERR_CONNECTION_REFUSED at http://127.0.0.1:5174/
    Call log:
      - navigating to "http://127.0.0.1:5174/", waiting until "load"


      13 |       }, { path });
      14 |     }
    > 15 |     await page.goto('/');
         |                ^
      16 |     const submit = page.getByRole('button', { name: 'Compile one fixture plan' });
      17 |     await expect(submit).toBeEnabled();
      18 |     if (['gps', 'lowaccuracy', 'gpstimeout'].includes(path)) {
        at C:\code_shit\Hackathon\ground-rule-build-pack\ground-rule-build-pack\apps\web\tests\recovery.spec.ts:15:16

    attachment #1: screenshot (image/png) ──────────────────────────────────────────────────────────
    apps\web\test-results\recovery-lowaccuracy-recovery-at-390\test-failed-1.png
    ────────────────────────────────────────────────────────────────────────────────────────────────

    Error Context: apps\web\test-results\recovery-lowaccuracy-recovery-at-390\error-context.md

    attachment #3: trace (application/zip) ─────────────────────────────────────────────────────────
    apps\web\test-results\recovery-lowaccuracy-recovery-at-390\trace.zip
    Usage:

        npx playwright show-trace apps\web\test-results\recovery-lowaccuracy-recovery-at-390\trace.zip

    ────────────────────────────────────────────────────────────────────────────────────────────────

  109) apps\web\tests\recovery.spec.ts:4:3 › gpstimeout recovery at 390 ────────────────────────────

    Error: page.goto: net::ERR_CONNECTION_REFUSED at http://127.0.0.1:5174/
    Call log:
      - navigating to "http://127.0.0.1:5174/", waiting until "load"


      13 |       }, { path });
      14 |     }
    > 15 |     await page.goto('/');
         |                ^
      16 |     const submit = page.getByRole('button', { name: 'Compile one fixture plan' });
      17 |     await expect(submit).toBeEnabled();
      18 |     if (['gps', 'lowaccuracy', 'gpstimeout'].includes(path)) {
        at C:\code_shit\Hackathon\ground-rule-build-pack\ground-rule-build-pack\apps\web\tests\recovery.spec.ts:15:16

    attachment #1: screenshot (image/png) ──────────────────────────────────────────────────────────
    apps\web\test-results\recovery-gpstimeout-recovery-at-390\test-failed-1.png
    ────────────────────────────────────────────────────────────────────────────────────────────────

    Error Context: apps\web\test-results\recovery-gpstimeout-recovery-at-390\error-context.md

    attachment #3: trace (application/zip) ─────────────────────────────────────────────────────────
    apps\web\test-results\recovery-gpstimeout-recovery-at-390\trace.zip
    Usage:

        npx playwright show-trace apps\web\test-results\recovery-gpstimeout-recovery-at-390\trace.zip

    ────────────────────────────────────────────────────────────────────────────────────────────────

  110) apps\web\tests\recovery.spec.ts:4:3 › retry recovery at 390 ─────────────────────────────────

    Error: page.goto: net::ERR_CONNECTION_REFUSED at http://127.0.0.1:5174/
    Call log:
      - navigating to "http://127.0.0.1:5174/", waiting until "load"


      13 |       }, { path });
      14 |     }
    > 15 |     await page.goto('/');
         |                ^
      16 |     const submit = page.getByRole('button', { name: 'Compile one fixture plan' });
      17 |     await expect(submit).toBeEnabled();
      18 |     if (['gps', 'lowaccuracy', 'gpstimeout'].includes(path)) {
        at C:\code_shit\Hackathon\ground-rule-build-pack\ground-rule-build-pack\apps\web\tests\recovery.spec.ts:15:16

    attachment #1: screenshot (image/png) ──────────────────────────────────────────────────────────
    apps\web\test-results\recovery-retry-recovery-at-390\test-failed-1.png
    ────────────────────────────────────────────────────────────────────────────────────────────────

    Error Context: apps\web\test-results\recovery-retry-recovery-at-390\error-context.md

    attachment #3: trace (application/zip) ─────────────────────────────────────────────────────────
    apps\web\test-results\recovery-retry-recovery-at-390\trace.zip
    Usage:

        npx playwright show-trace apps\web\test-results\recovery-retry-recovery-at-390\trace.zip

    ────────────────────────────────────────────────────────────────────────────────────────────────

  111) apps\web\tests\recovery.spec.ts:4:3 › double recovery at 390 ────────────────────────────────

    Error: page.goto: net::ERR_CONNECTION_REFUSED at http://127.0.0.1:5174/
    Call log:
      - navigating to "http://127.0.0.1:5174/", waiting until "load"


      13 |       }, { path });
      14 |     }
    > 15 |     await page.goto('/');
         |                ^
      16 |     const submit = page.getByRole('button', { name: 'Compile one fixture plan' });
      17 |     await expect(submit).toBeEnabled();
      18 |     if (['gps', 'lowaccuracy', 'gpstimeout'].includes(path)) {
        at C:\code_shit\Hackathon\ground-rule-build-pack\ground-rule-build-pack\apps\web\tests\recovery.spec.ts:15:16

    attachment #1: screenshot (image/png) ──────────────────────────────────────────────────────────
    apps\web\test-results\recovery-double-recovery-at-390\test-failed-1.png
    ────────────────────────────────────────────────────────────────────────────────────────────────

    Error Context: apps\web\test-results\recovery-double-recovery-at-390\error-context.md

    attachment #3: trace (application/zip) ─────────────────────────────────────────────────────────
    apps\web\test-results\recovery-double-recovery-at-390\trace.zip
    Usage:

        npx playwright show-trace apps\web\test-results\recovery-double-recovery-at-390\trace.zip

    ────────────────────────────────────────────────────────────────────────────────────────────────

  112) apps\web\tests\recovery.spec.ts:4:3 › cancelstale recovery at 390 ───────────────────────────

    Error: page.goto: net::ERR_CONNECTION_REFUSED at http://127.0.0.1:5174/
    Call log:
      - navigating to "http://127.0.0.1:5174/", waiting until "load"


      13 |       }, { path });
      14 |     }
    > 15 |     await page.goto('/');
         |                ^
      16 |     const submit = page.getByRole('button', { name: 'Compile one fixture plan' });
      17 |     await expect(submit).toBeEnabled();
      18 |     if (['gps', 'lowaccuracy', 'gpstimeout'].includes(path)) {
        at C:\code_shit\Hackathon\ground-rule-build-pack\ground-rule-build-pack\apps\web\tests\recovery.spec.ts:15:16

    attachment #1: screenshot (image/png) ──────────────────────────────────────────────────────────
    apps\web\test-results\recovery-cancelstale-recovery-at-390\test-failed-1.png
    ────────────────────────────────────────────────────────────────────────────────────────────────

    Error Context: apps\web\test-results\recovery-cancelstale-recovery-at-390\error-context.md

    attachment #3: trace (application/zip) ─────────────────────────────────────────────────────────
    apps\web\test-results\recovery-cancelstale-recovery-at-390\trace.zip
    Usage:

        npx playwright show-trace apps\web\test-results\recovery-cancelstale-recovery-at-390\trace.zip

    ────────────────────────────────────────────────────────────────────────────────────────────────

  113) apps\web\tests\recovery.spec.ts:4:3 › zoom recovery at 390 ──────────────────────────────────

    Error: page.goto: net::ERR_CONNECTION_REFUSED at http://127.0.0.1:5174/
    Call log:
      - navigating to "http://127.0.0.1:5174/", waiting until "load"


      13 |       }, { path });
      14 |     }
    > 15 |     await page.goto('/');
         |                ^
      16 |     const submit = page.getByRole('button', { name: 'Compile one fixture plan' });
      17 |     await expect(submit).toBeEnabled();
      18 |     if (['gps', 'lowaccuracy', 'gpstimeout'].includes(path)) {
        at C:\code_shit\Hackathon\ground-rule-build-pack\ground-rule-build-pack\apps\web\tests\recovery.spec.ts:15:16

    attachment #1: screenshot (image/png) ──────────────────────────────────────────────────────────
    apps\web\test-results\recovery-zoom-recovery-at-390\test-failed-1.png
    ────────────────────────────────────────────────────────────────────────────────────────────────

    Error Context: apps\web\test-results\recovery-zoom-recovery-at-390\error-context.md

    attachment #3: trace (application/zip) ─────────────────────────────────────────────────────────
    apps\web\test-results\recovery-zoom-recovery-at-390\trace.zip
    Usage:

        npx playwright show-trace apps\web\test-results\recovery-zoom-recovery-at-390\trace.zip

    ────────────────────────────────────────────────────────────────────────────────────────────────

  114) apps\web\tests\recovery.spec.ts:4:3 › voice recovery at 390 ─────────────────────────────────

    Error: page.goto: net::ERR_CONNECTION_REFUSED at http://127.0.0.1:5174/
    Call log:
      - navigating to "http://127.0.0.1:5174/", waiting until "load"


      13 |       }, { path });
      14 |     }
    > 15 |     await page.goto('/');
         |                ^
      16 |     const submit = page.getByRole('button', { name: 'Compile one fixture plan' });
      17 |     await expect(submit).toBeEnabled();
      18 |     if (['gps', 'lowaccuracy', 'gpstimeout'].includes(path)) {
        at C:\code_shit\Hackathon\ground-rule-build-pack\ground-rule-build-pack\apps\web\tests\recovery.spec.ts:15:16

    attachment #1: screenshot (image/png) ──────────────────────────────────────────────────────────
    apps\web\test-results\recovery-voice-recovery-at-390\test-failed-1.png
    ────────────────────────────────────────────────────────────────────────────────────────────────

    Error Context: apps\web\test-results\recovery-voice-recovery-at-390\error-context.md

    attachment #3: trace (application/zip) ─────────────────────────────────────────────────────────
    apps\web\test-results\recovery-voice-recovery-at-390\trace.zip
    Usage:

        npx playwright show-trace apps\web\test-results\recovery-voice-recovery-at-390\trace.zip

    ────────────────────────────────────────────────────────────────────────────────────────────────

  115) apps\web\tests\recovery.spec.ts:4:3 › gps recovery at 1440 ──────────────────────────────────

    Error: page.goto: net::ERR_CONNECTION_REFUSED at http://127.0.0.1:5174/
    Call log:
      - navigating to "http://127.0.0.1:5174/", waiting until "load"


      13 |       }, { path });
      14 |     }
    > 15 |     await page.goto('/');
         |                ^
      16 |     const submit = page.getByRole('button', { name: 'Compile one fixture plan' });
      17 |     await expect(submit).toBeEnabled();
      18 |     if (['gps', 'lowaccuracy', 'gpstimeout'].includes(path)) {
        at C:\code_shit\Hackathon\ground-rule-build-pack\ground-rule-build-pack\apps\web\tests\recovery.spec.ts:15:16

    attachment #1: screenshot (image/png) ──────────────────────────────────────────────────────────
    apps\web\test-results\recovery-gps-recovery-at-1440\test-failed-1.png
    ────────────────────────────────────────────────────────────────────────────────────────────────

    Error Context: apps\web\test-results\recovery-gps-recovery-at-1440\error-context.md

    attachment #3: trace (application/zip) ─────────────────────────────────────────────────────────
    apps\web\test-results\recovery-gps-recovery-at-1440\trace.zip
    Usage:

        npx playwright show-trace apps\web\test-results\recovery-gps-recovery-at-1440\trace.zip

    ────────────────────────────────────────────────────────────────────────────────────────────────

  116) apps\web\tests\recovery.spec.ts:4:3 › lowaccuracy recovery at 1440 ──────────────────────────

    Error: page.goto: net::ERR_CONNECTION_REFUSED at http://127.0.0.1:5174/
    Call log:
      - navigating to "http://127.0.0.1:5174/", waiting until "load"


      13 |       }, { path });
      14 |     }
    > 15 |     await page.goto('/');
         |                ^
      16 |     const submit = page.getByRole('button', { name: 'Compile one fixture plan' });
      17 |     await expect(submit).toBeEnabled();
      18 |     if (['gps', 'lowaccuracy', 'gpstimeout'].includes(path)) {
        at C:\code_shit\Hackathon\ground-rule-build-pack\ground-rule-build-pack\apps\web\tests\recovery.spec.ts:15:16

    attachment #1: screenshot (image/png) ──────────────────────────────────────────────────────────
    apps\web\test-results\recovery-lowaccuracy-recovery-at-1440\test-failed-1.png
    ────────────────────────────────────────────────────────────────────────────────────────────────

    Error Context: apps\web\test-results\recovery-lowaccuracy-recovery-at-1440\error-context.md

    attachment #3: trace (application/zip) ─────────────────────────────────────────────────────────
    apps\web\test-results\recovery-lowaccuracy-recovery-at-1440\trace.zip
    Usage:

        npx playwright show-trace apps\web\test-results\recovery-lowaccuracy-recovery-at-1440\trace.zip

    ────────────────────────────────────────────────────────────────────────────────────────────────

  117) apps\web\tests\recovery.spec.ts:4:3 › gpstimeout recovery at 1440 ───────────────────────────

    Error: page.goto: net::ERR_CONNECTION_REFUSED at http://127.0.0.1:5174/
    Call log:
      - navigating to "http://127.0.0.1:5174/", waiting until "load"


      13 |       }, { path });
      14 |     }
    > 15 |     await page.goto('/');
         |                ^
      16 |     const submit = page.getByRole('button', { name: 'Compile one fixture plan' });
      17 |     await expect(submit).toBeEnabled();
      18 |     if (['gps', 'lowaccuracy', 'gpstimeout'].includes(path)) {
        at C:\code_shit\Hackathon\ground-rule-build-pack\ground-rule-build-pack\apps\web\tests\recovery.spec.ts:15:16

    attachment #1: screenshot (image/png) ──────────────────────────────────────────────────────────
    apps\web\test-results\recovery-gpstimeout-recovery-at-1440\test-failed-1.png
    ────────────────────────────────────────────────────────────────────────────────────────────────

    Error Context: apps\web\test-results\recovery-gpstimeout-recovery-at-1440\error-context.md

    attachment #3: trace (application/zip) ─────────────────────────────────────────────────────────
    apps\web\test-results\recovery-gpstimeout-recovery-at-1440\trace.zip
    Usage:

        npx playwright show-trace apps\web\test-results\recovery-gpstimeout-recovery-at-1440\trace.zip

    ────────────────────────────────────────────────────────────────────────────────────────────────

  118) apps\web\tests\recovery.spec.ts:4:3 › retry recovery at 1440 ────────────────────────────────

    Error: page.goto: net::ERR_CONNECTION_REFUSED at http://127.0.0.1:5174/
    Call log:
      - navigating to "http://127.0.0.1:5174/", waiting until "load"


      13 |       }, { path });
      14 |     }
    > 15 |     await page.goto('/');
         |                ^
      16 |     const submit = page.getByRole('button', { name: 'Compile one fixture plan' });
      17 |     await expect(submit).toBeEnabled();
      18 |     if (['gps', 'lowaccuracy', 'gpstimeout'].includes(path)) {
        at C:\code_shit\Hackathon\ground-rule-build-pack\ground-rule-build-pack\apps\web\tests\recovery.spec.ts:15:16

    attachment #1: screenshot (image/png) ──────────────────────────────────────────────────────────
    apps\web\test-results\recovery-retry-recovery-at-1440\test-failed-1.png
    ────────────────────────────────────────────────────────────────────────────────────────────────

    Error Context: apps\web\test-results\recovery-retry-recovery-at-1440\error-context.md

    attachment #3: trace (application/zip) ─────────────────────────────────────────────────────────
    apps\web\test-results\recovery-retry-recovery-at-1440\trace.zip
    Usage:

        npx playwright show-trace apps\web\test-results\recovery-retry-recovery-at-1440\trace.zip

    ────────────────────────────────────────────────────────────────────────────────────────────────

  119) apps\web\tests\recovery.spec.ts:4:3 › double recovery at 1440 ───────────────────────────────

    Error: page.goto: net::ERR_CONNECTION_REFUSED at http://127.0.0.1:5174/
    Call log:
      - navigating to "http://127.0.0.1:5174/", waiting until "load"


      13 |       }, { path });
      14 |     }
    > 15 |     await page.goto('/');
         |                ^
      16 |     const submit = page.getByRole('button', { name: 'Compile one fixture plan' });
      17 |     await expect(submit).toBeEnabled();
      18 |     if (['gps', 'lowaccuracy', 'gpstimeout'].includes(path)) {
        at C:\code_shit\Hackathon\ground-rule-build-pack\ground-rule-build-pack\apps\web\tests\recovery.spec.ts:15:16

    attachment #1: screenshot (image/png) ──────────────────────────────────────────────────────────
    apps\web\test-results\recovery-double-recovery-at-1440\test-failed-1.png
    ────────────────────────────────────────────────────────────────────────────────────────────────

    Error Context: apps\web\test-results\recovery-double-recovery-at-1440\error-context.md

    attachment #3: trace (application/zip) ─────────────────────────────────────────────────────────
    apps\web\test-results\recovery-double-recovery-at-1440\trace.zip
    Usage:

        npx playwright show-trace apps\web\test-results\recovery-double-recovery-at-1440\trace.zip

    ────────────────────────────────────────────────────────────────────────────────────────────────

  120) apps\web\tests\recovery.spec.ts:4:3 › cancelstale recovery at 1440 ──────────────────────────

    Error: page.goto: net::ERR_CONNECTION_REFUSED at http://127.0.0.1:5174/
    Call log:
      - navigating to "http://127.0.0.1:5174/", waiting until "load"


      13 |       }, { path });
      14 |     }
    > 15 |     await page.goto('/');
         |                ^
      16 |     const submit = page.getByRole('button', { name: 'Compile one fixture plan' });
      17 |     await expect(submit).toBeEnabled();
      18 |     if (['gps', 'lowaccuracy', 'gpstimeout'].includes(path)) {
        at C:\code_shit\Hackathon\ground-rule-build-pack\ground-rule-build-pack\apps\web\tests\recovery.spec.ts:15:16

    attachment #1: screenshot (image/png) ──────────────────────────────────────────────────────────
    apps\web\test-results\recovery-cancelstale-recovery-at-1440\test-failed-1.png
    ────────────────────────────────────────────────────────────────────────────────────────────────

    Error Context: apps\web\test-results\recovery-cancelstale-recovery-at-1440\error-context.md

    attachment #3: trace (application/zip) ─────────────────────────────────────────────────────────
    apps\web\test-results\recovery-cancelstale-recovery-at-1440\trace.zip
    Usage:

        npx playwright show-trace apps\web\test-results\recovery-cancelstale-recovery-at-1440\trace.zip

    ────────────────────────────────────────────────────────────────────────────────────────────────

  121) apps\web\tests\recovery.spec.ts:4:3 › zoom recovery at 1440 ─────────────────────────────────

    Error: page.goto: net::ERR_CONNECTION_REFUSED at http://127.0.0.1:5174/
    Call log:
      - navigating to "http://127.0.0.1:5174/", waiting until "load"


      13 |       }, { path });
      14 |     }
    > 15 |     await page.goto('/');
         |                ^
      16 |     const submit = page.getByRole('button', { name: 'Compile one fixture plan' });
      17 |     await expect(submit).toBeEnabled();
      18 |     if (['gps', 'lowaccuracy', 'gpstimeout'].includes(path)) {
        at C:\code_shit\Hackathon\ground-rule-build-pack\ground-rule-build-pack\apps\web\tests\recovery.spec.ts:15:16

    attachment #1: screenshot (image/png) ──────────────────────────────────────────────────────────
    apps\web\test-results\recovery-zoom-recovery-at-1440\test-failed-1.png
    ────────────────────────────────────────────────────────────────────────────────────────────────

    Error Context: apps\web\test-results\recovery-zoom-recovery-at-1440\error-context.md

    attachment #3: trace (application/zip) ─────────────────────────────────────────────────────────
    apps\web\test-results\recovery-zoom-recovery-at-1440\trace.zip
    Usage:

        npx playwright show-trace apps\web\test-results\recovery-zoom-recovery-at-1440\trace.zip

    ────────────────────────────────────────────────────────────────────────────────────────────────

  122) apps\web\tests\recovery.spec.ts:4:3 › voice recovery at 1440 ────────────────────────────────

    Error: page.goto: net::ERR_CONNECTION_REFUSED at http://127.0.0.1:5174/
    Call log:
      - navigating to "http://127.0.0.1:5174/", waiting until "load"


      13 |       }, { path });
      14 |     }
    > 15 |     await page.goto('/');
         |                ^
      16 |     const submit = page.getByRole('button', { name: 'Compile one fixture plan' });
      17 |     await expect(submit).toBeEnabled();
      18 |     if (['gps', 'lowaccuracy', 'gpstimeout'].includes(path)) {
        at C:\code_shit\Hackathon\ground-rule-build-pack\ground-rule-build-pack\apps\web\tests\recovery.spec.ts:15:16

    attachment #1: screenshot (image/png) ──────────────────────────────────────────────────────────
    apps\web\test-results\recovery-voice-recovery-at-1440\test-failed-1.png
    ────────────────────────────────────────────────────────────────────────────────────────────────

    Error Context: apps\web\test-results\recovery-voice-recovery-at-1440\error-context.md

    attachment #3: trace (application/zip) ─────────────────────────────────────────────────────────
    apps\web\test-results\recovery-voice-recovery-at-1440\trace.zip
    Usage:

        npx playwright show-trace apps\web\test-results\recovery-voice-recovery-at-1440\trace.zip

    ────────────────────────────────────────────────────────────────────────────────────────────────

  122 failed
    apps\web\tests\journeys.spec.ts:7:3 › budget at 320 ────────────────────────────────────────────
    apps\web\tests\journeys.spec.ts:7:3 › currency at 320 ──────────────────────────────────────────
    apps\web\tests\journeys.spec.ts:7:3 › walking at 320 ───────────────────────────────────────────
    apps\web\tests\journeys.spec.ts:7:3 › duration at 320 ──────────────────────────────────────────
    apps\web\tests\journeys.spec.ts:7:3 › geodenied at 320 ─────────────────────────────────────────
    apps\web\tests\journeys.spec.ts:7:3 › coordinates at 320 ───────────────────────────────────────
    apps\web\tests\journeys.spec.ts:7:3 › cancel at 320 ────────────────────────────────────────────
    apps\web\tests\journeys.spec.ts:7:3 › offline at 320 ───────────────────────────────────────────
    apps\web\tests\journeys.spec.ts:7:3 › malformed at 320 ─────────────────────────────────────────
    apps\web\tests\journeys.spec.ts:7:3 › success at 360 ───────────────────────────────────────────
    apps\web\tests\journeys.spec.ts:7:3 › budget at 360 ────────────────────────────────────────────
    apps\web\tests\journeys.spec.ts:7:3 › currency at 360 ──────────────────────────────────────────
    apps\web\tests\journeys.spec.ts:7:3 › walking at 360 ───────────────────────────────────────────
    apps\web\tests\journeys.spec.ts:7:3 › duration at 360 ──────────────────────────────────────────
    apps\web\tests\journeys.spec.ts:7:3 › geodenied at 360 ─────────────────────────────────────────
    apps\web\tests\journeys.spec.ts:7:3 › coordinates at 360 ───────────────────────────────────────
    apps\web\tests\journeys.spec.ts:7:3 › cancel at 360 ────────────────────────────────────────────
    apps\web\tests\journeys.spec.ts:7:3 › offline at 360 ───────────────────────────────────────────
    apps\web\tests\journeys.spec.ts:7:3 › malformed at 360 ─────────────────────────────────────────
    apps\web\tests\journeys.spec.ts:7:3 › success at 375 ───────────────────────────────────────────
    apps\web\tests\journeys.spec.ts:7:3 › budget at 375 ────────────────────────────────────────────
    apps\web\tests\journeys.spec.ts:7:3 › currency at 375 ──────────────────────────────────────────
    apps\web\tests\journeys.spec.ts:7:3 › walking at 375 ───────────────────────────────────────────
    apps\web\tests\journeys.spec.ts:7:3 › duration at 375 ──────────────────────────────────────────
    apps\web\tests\journeys.spec.ts:7:3 › geodenied at 375 ─────────────────────────────────────────
    apps\web\tests\journeys.spec.ts:7:3 › coordinates at 375 ───────────────────────────────────────
    apps\web\tests\journeys.spec.ts:7:3 › cancel at 375 ────────────────────────────────────────────
    apps\web\tests\journeys.spec.ts:7:3 › offline at 375 ───────────────────────────────────────────
    apps\web\tests\journeys.spec.ts:7:3 › malformed at 375 ─────────────────────────────────────────
    apps\web\tests\journeys.spec.ts:7:3 › success at 390 ───────────────────────────────────────────
    apps\web\tests\journeys.spec.ts:7:3 › budget at 390 ────────────────────────────────────────────
    apps\web\tests\journeys.spec.ts:7:3 › currency at 390 ──────────────────────────────────────────
    apps\web\tests\journeys.spec.ts:7:3 › walking at 390 ───────────────────────────────────────────
    apps\web\tests\journeys.spec.ts:7:3 › duration at 390 ──────────────────────────────────────────
    apps\web\tests\journeys.spec.ts:7:3 › geodenied at 390 ─────────────────────────────────────────
    apps\web\tests\journeys.spec.ts:7:3 › coordinates at 390 ───────────────────────────────────────
    apps\web\tests\journeys.spec.ts:7:3 › cancel at 390 ────────────────────────────────────────────
    apps\web\tests\journeys.spec.ts:7:3 › offline at 390 ───────────────────────────────────────────
    apps\web\tests\journeys.spec.ts:7:3 › malformed at 390 ─────────────────────────────────────────
    apps\web\tests\journeys.spec.ts:7:3 › success at 768 ───────────────────────────────────────────
    apps\web\tests\journeys.spec.ts:7:3 › budget at 768 ────────────────────────────────────────────
    apps\web\tests\journeys.spec.ts:7:3 › currency at 768 ──────────────────────────────────────────
    apps\web\tests\journeys.spec.ts:7:3 › walking at 768 ───────────────────────────────────────────
    apps\web\tests\journeys.spec.ts:7:3 › duration at 768 ──────────────────────────────────────────
    apps\web\tests\journeys.spec.ts:7:3 › geodenied at 768 ─────────────────────────────────────────
    apps\web\tests\journeys.spec.ts:7:3 › coordinates at 768 ───────────────────────────────────────
    apps\web\tests\journeys.spec.ts:7:3 › cancel at 768 ────────────────────────────────────────────
    apps\web\tests\journeys.spec.ts:7:3 › offline at 768 ───────────────────────────────────────────
    apps\web\tests\journeys.spec.ts:7:3 › malformed at 768 ─────────────────────────────────────────
    apps\web\tests\journeys.spec.ts:7:3 › success at 1024 ──────────────────────────────────────────
    apps\web\tests\journeys.spec.ts:7:3 › budget at 1024 ───────────────────────────────────────────
    apps\web\tests\journeys.spec.ts:7:3 › currency at 1024 ─────────────────────────────────────────
    apps\web\tests\journeys.spec.ts:7:3 › walking at 1024 ──────────────────────────────────────────
    apps\web\tests\journeys.spec.ts:7:3 › duration at 1024 ─────────────────────────────────────────
    apps\web\tests\journeys.spec.ts:7:3 › geodenied at 1024 ────────────────────────────────────────
    apps\web\tests\journeys.spec.ts:7:3 › coordinates at 1024 ──────────────────────────────────────
    apps\web\tests\journeys.spec.ts:7:3 › cancel at 1024 ───────────────────────────────────────────
    apps\web\tests\journeys.spec.ts:7:3 › offline at 1024 ──────────────────────────────────────────
    apps\web\tests\journeys.spec.ts:7:3 › malformed at 1024 ────────────────────────────────────────
    apps\web\tests\journeys.spec.ts:7:3 › success at 1280 ──────────────────────────────────────────
    apps\web\tests\journeys.spec.ts:7:3 › budget at 1280 ───────────────────────────────────────────
    apps\web\tests\journeys.spec.ts:7:3 › currency at 1280 ─────────────────────────────────────────
    apps\web\tests\journeys.spec.ts:7:3 › walking at 1280 ──────────────────────────────────────────
    apps\web\tests\journeys.spec.ts:7:3 › duration at 1280 ─────────────────────────────────────────
    apps\web\tests\journeys.spec.ts:7:3 › geodenied at 1280 ────────────────────────────────────────
    apps\web\tests\journeys.spec.ts:7:3 › coordinates at 1280 ──────────────────────────────────────
    apps\web\tests\journeys.spec.ts:7:3 › cancel at 1280 ───────────────────────────────────────────
    apps\web\tests\journeys.spec.ts:7:3 › offline at 1280 ──────────────────────────────────────────
    apps\web\tests\journeys.spec.ts:7:3 › malformed at 1280 ────────────────────────────────────────
    apps\web\tests\journeys.spec.ts:7:3 › success at 1440 ──────────────────────────────────────────
    apps\web\tests\journeys.spec.ts:7:3 › budget at 1440 ───────────────────────────────────────────
    apps\web\tests\journeys.spec.ts:7:3 › currency at 1440 ─────────────────────────────────────────
    apps\web\tests\journeys.spec.ts:7:3 › walking at 1440 ──────────────────────────────────────────
    apps\web\tests\journeys.spec.ts:7:3 › duration at 1440 ─────────────────────────────────────────
    apps\web\tests\journeys.spec.ts:7:3 › geodenied at 1440 ────────────────────────────────────────
    apps\web\tests\journeys.spec.ts:7:3 › coordinates at 1440 ──────────────────────────────────────
    apps\web\tests\journeys.spec.ts:7:3 › cancel at 1440 ───────────────────────────────────────────
    apps\web\tests\journeys.spec.ts:7:3 › offline at 1440 ──────────────────────────────────────────
    apps\web\tests\journeys.spec.ts:7:3 › malformed at 1440 ────────────────────────────────────────
    apps\web\tests\journeys.spec.ts:7:3 › success at 1920 ──────────────────────────────────────────
    apps\web\tests\journeys.spec.ts:7:3 › budget at 1920 ───────────────────────────────────────────
    apps\web\tests\journeys.spec.ts:7:3 › currency at 1920 ─────────────────────────────────────────
    apps\web\tests\journeys.spec.ts:7:3 › walking at 1920 ──────────────────────────────────────────
    apps\web\tests\journeys.spec.ts:7:3 › duration at 1920 ─────────────────────────────────────────
    apps\web\tests\journeys.spec.ts:7:3 › geodenied at 1920 ────────────────────────────────────────
    apps\web\tests\journeys.spec.ts:7:3 › coordinates at 1920 ──────────────────────────────────────
    apps\web\tests\journeys.spec.ts:7:3 › cancel at 1920 ───────────────────────────────────────────
    apps\web\tests\journeys.spec.ts:7:3 › offline at 1920 ──────────────────────────────────────────
    apps\web\tests\journeys.spec.ts:7:3 › malformed at 1920 ────────────────────────────────────────
    apps\web\tests\journeys.spec.ts:7:3 › success at 3840 ──────────────────────────────────────────
    apps\web\tests\journeys.spec.ts:7:3 › budget at 3840 ───────────────────────────────────────────
    apps\web\tests\journeys.spec.ts:7:3 › currency at 3840 ─────────────────────────────────────────
    apps\web\tests\journeys.spec.ts:7:3 › walking at 3840 ──────────────────────────────────────────
    apps\web\tests\journeys.spec.ts:7:3 › duration at 3840 ─────────────────────────────────────────
    apps\web\tests\journeys.spec.ts:7:3 › geodenied at 3840 ────────────────────────────────────────
    apps\web\tests\journeys.spec.ts:7:3 › coordinates at 3840 ──────────────────────────────────────
    apps\web\tests\journeys.spec.ts:7:3 › cancel at 3840 ───────────────────────────────────────────
    apps\web\tests\journeys.spec.ts:7:3 › offline at 3840 ──────────────────────────────────────────
    apps\web\tests\journeys.spec.ts:7:3 › malformed at 3840 ────────────────────────────────────────
    apps\web\tests\recovery.spec.ts:4:3 › lowaccuracy recovery at 320 ──────────────────────────────
    apps\web\tests\recovery.spec.ts:4:3 › gpstimeout recovery at 320 ───────────────────────────────
    apps\web\tests\recovery.spec.ts:4:3 › retry recovery at 320 ────────────────────────────────────
    apps\web\tests\recovery.spec.ts:4:3 › double recovery at 320 ───────────────────────────────────
    apps\web\tests\recovery.spec.ts:4:3 › cancelstale recovery at 320 ──────────────────────────────
    apps\web\tests\recovery.spec.ts:4:3 › zoom recovery at 320 ─────────────────────────────────────
    apps\web\tests\recovery.spec.ts:4:3 › voice recovery at 320 ────────────────────────────────────
    apps\web\tests\recovery.spec.ts:4:3 › gps recovery at 390 ──────────────────────────────────────
    apps\web\tests\recovery.spec.ts:4:3 › lowaccuracy recovery at 390 ──────────────────────────────
    apps\web\tests\recovery.spec.ts:4:3 › gpstimeout recovery at 390 ───────────────────────────────
    apps\web\tests\recovery.spec.ts:4:3 › retry recovery at 390 ────────────────────────────────────
    apps\web\tests\recovery.spec.ts:4:3 › double recovery at 390 ───────────────────────────────────
    apps\web\tests\recovery.spec.ts:4:3 › cancelstale recovery at 390 ──────────────────────────────
    apps\web\tests\recovery.spec.ts:4:3 › zoom recovery at 390 ─────────────────────────────────────
    apps\web\tests\recovery.spec.ts:4:3 › voice recovery at 390 ────────────────────────────────────
    apps\web\tests\recovery.spec.ts:4:3 › gps recovery at 1440 ─────────────────────────────────────
    apps\web\tests\recovery.spec.ts:4:3 › lowaccuracy recovery at 1440 ─────────────────────────────
    apps\web\tests\recovery.spec.ts:4:3 › gpstimeout recovery at 1440 ──────────────────────────────
    apps\web\tests\recovery.spec.ts:4:3 › retry recovery at 1440 ───────────────────────────────────
    apps\web\tests\recovery.spec.ts:4:3 › double recovery at 1440 ──────────────────────────────────
    apps\web\tests\recovery.spec.ts:4:3 › cancelstale recovery at 1440 ─────────────────────────────
    apps\web\tests\recovery.spec.ts:4:3 › zoom recovery at 1440 ────────────────────────────────────
    apps\web\tests\recovery.spec.ts:4:3 › voice recovery at 1440 ───────────────────────────────────
  2 passed (1.9m)
